model,image,false_negative_count,false_positive_count,under_segmentation_count,over_segmentation_count,false_negative_rate,false_positive_rate,under_segmentation_rate,over_segmentation_rate,boundary_f1,gt_num_cells,pred_num_cells,cell_count_error
unet,cell_00001.tiff,1,24,0,4,0.16666666666666666,4.0,0.0,0.6666666666666666,0,6,29,23
unet,cell_00002.png,10,23,4,0,0.2777777777777778,0.6388888888888888,0.3333333333333333,0.0,0,36,49,13
unet,cell_00003.tiff,8,42,0,4,0.47058823529411764,2.4705882352941178,0.0,0.23529411764705882,0,17,51,34
unet,cell_00004.png,3,4,0,0,0.2,0.26666666666666666,0.0,0.0,0,15,16,1
unet,cell_00005.png,1,5,0,0,0.037037037037037035,0.18518518518518517,0.0,0.0,0,27,31,4
unet,cell_00006.png,7,52,2,2,0.3181818181818182,2.3636363636363638,0.3181818181818182,0.09090909090909091,0,22,67,45
unet,cell_00007.tiff,4,34,2,2,0.3333333333333333,2.8333333333333335,0.3333333333333333,0.16666666666666666,0,12,42,30
unet,cell_00008.tiff,0,10,0,0,0.0,0.7692307692307693,0.0,0.0,0,13,23,10
unet,cell_00009.png,11,29,0,1,0.040892193308550186,0.10780669144981413,0.0,0.0037174721189591076,0,269,287,18
unet,cell_00010.png,28,281,9,17,0.36363636363636365,3.6493506493506493,0.24675324675324675,0.22077922077922077,0,77,330,253
unet,cell_00011.png,0,2,0,0,0.0,0.13333333333333333,0.0,0.0,0,15,17,2
unet,cell_00012.png,37,208,7,8,0.6851851851851852,3.8518518518518516,0.7222222222222222,0.14814814814814814,0,54,225,171
unet,cell_00013.tiff,1,8,1,0,0.058823529411764705,0.47058823529411764,0.11764705882352941,0.0,0,17,24,7
unet,cell_00014.tiff,2,22,1,1,0.2222222222222222,2.4444444444444446,0.3333333333333333,0.1111111111111111,0,9,29,20
unet,cell_00015.png,0,1,0,0,0.0,0.0625,0.0,0.0,0,16,17,1
unet,cell_00016.tiff,3,18,1,2,0.375,2.25,0.375,0.25,0,8,23,15
unet,cell_00017.png,0,4,0,0,0.0,0.18181818181818182,0.0,0.0,0,22,26,4
unet,cell_00018.tiff,9,60,4,4,0.5625,3.75,0.6875,0.25,0,16,67,51
unet,cell_00019.tiff,3,11,0,1,0.3333333333333333,1.2222222222222223,0.0,0.1111111111111111,0,9,17,8
unet,cell_00020.tiff,4,62,2,6,0.4,6.2,0.4,0.6,0,10,68,58
unet,cell_00021.tiff,6,42,3,3,0.4,2.8,0.4666666666666667,0.2,0,15,51,36
unet,cell_00022.tiff,10,41,4,4,0.5882352941176471,2.411764705882353,0.7058823529411765,0.23529411764705882,0,17,48,31
unet,cell_00023.tiff,12,59,2,5,0.631578947368421,3.1052631578947367,0.631578947368421,0.2631578947368421,0,19,66,47
unet,cell_00024.tiff,8,57,4,3,0.6666666666666666,4.75,0.9166666666666666,0.25,0,12,61,49
unet,cell_00025.png,21,80,4,2,0.6,2.2857142857142856,0.34285714285714286,0.05714285714285714,0,35,94,59
unet,cell_00026.png,9,32,4,0,0.2727272727272727,0.9696969696969697,0.30303030303030304,0.0,0,33,56,23
unet,cell_00027.tiff,37,99,0,4,0.8043478260869565,2.152173913043478,0.0,0.08695652173913043,0,46,108,62
unet,cell_00028.tiff,110,250,0,9,0.9734513274336283,2.2123893805309733,0.0,0.07964601769911504,0,113,253,140
unet,cell_00029.tiff,72,221,0,9,0.8888888888888888,2.728395061728395,0.0,0.1111111111111111,0,81,230,149
unet,cell_00030.tiff,52,99,0,4,0.6666666666666666,1.2692307692307692,0.0,0.05128205128205128,0,78,125,47
unet,cell_00031.tiff,129,186,1,15,0.7724550898203593,1.1137724550898203,0.011976047904191617,0.08982035928143713,0,167,224,57
unet,cell_00032.tiff,113,184,0,12,0.7793103448275862,1.2689655172413794,0.0,0.08275862068965517,0,145,216,71
unet,cell_00033.tiff,80,140,3,4,0.6837606837606838,1.1965811965811965,0.05128205128205128,0.03418803418803419,0,117,177,60
unet,cell_00034.tiff,82,115,0,2,0.640625,0.8984375,0.0,0.015625,0,128,161,33
unet,cell_00035.tiff,44,85,0,1,0.5176470588235295,1.0,0.0,0.011764705882352941,0,85,126,41
unet,cell_00036.tiff,70,229,1,15,0.9722222222222222,3.1805555555555554,0.027777777777777776,0.20833333333333334,0,72,231,159
unet,cell_00037.tiff,82,237,1,13,0.9879518072289156,2.855421686746988,0.024096385542168676,0.1566265060240964,0,83,238,155
unet,cell_00038.tiff,85,437,0,17,0.9444444444444444,4.855555555555555,0.0,0.18888888888888888,0,90,442,352
unet,cell_00039.tiff,130,248,0,9,0.948905109489051,1.8102189781021898,0.0,0.06569343065693431,0,137,255,118
unet,cell_00040.png,14,31,0,0,0.6363636363636364,1.4090909090909092,0.0,0.0,0,22,39,17
unet,cell_00041.png,4,281,0,0,0.36363636363636365,25.545454545454547,0.0,0.0,0,11,288,277
unet,cell_00042.png,1,108,0,0,0.09090909090909091,9.818181818181818,0.0,0.0,0,11,118,107
unet,cell_00043.png,135,464,1,29,0.4090909090909091,1.406060606060606,0.006060606060606061,0.08787878787878788,0,330,659,329
unet,cell_00044.png,107,1148,3,39,0.5572916666666666,5.979166666666667,0.03125,0.203125,0,192,1233,1041
unet,cell_00045.png,148,517,3,40,0.4820846905537459,1.6840390879478828,0.02280130293159609,0.13029315960912052,0,307,676,369
unet,cell_00046.png,305,981,16,48,0.6630434782608695,2.132608695652174,0.07608695652173914,0.10434782608695652,0,460,1136,676
unet,cell_00047.png,249,1185,17,69,0.7708978328173375,3.668730650154799,0.11145510835913312,0.21362229102167182,0,323,1259,936
unet,cell_00048.png,197,933,2,108,0.5130208333333334,2.4296875,0.010416666666666666,0.28125,0,384,1120,736
unet,cell_00049.png,170,753,1,69,0.4521276595744681,2.002659574468085,0.005319148936170213,0.18351063829787234,0,376,959,583
unet,cell_00050.png,97,1230,1,37,0.5606936416184971,7.109826589595376,0.011560693641618497,0.2138728323699422,0,173,1306,1133
unet,cell_00051.png,128,358,0,40,0.3342036553524804,0.9347258485639687,0.0,0.10443864229765012,0,383,613,230
unet,cell_00052.png,191,1295,7,93,0.5134408602150538,3.4811827956989245,0.03763440860215054,0.25,0,372,1476,1104
unet,cell_00053.png,146,1155,2,74,0.49158249158249157,3.888888888888889,0.013468013468013467,0.24915824915824916,0,297,1306,1009
unet,cell_00054.png,114,613,1,36,0.3140495867768595,1.6887052341597797,0.005509641873278237,0.09917355371900827,0,363,862,499
unet,cell_00055.png,57,1199,0,16,0.4351145038167939,9.15267175572519,0.0,0.12213740458015267,0,131,1273,1142
unet,cell_00056.png,86,887,2,52,0.4321608040201005,4.457286432160804,0.020100502512562814,0.2613065326633166,0,199,1000,801
unet,cell_00057.png,83,490,1,38,0.3721973094170404,2.197309417040359,0.008968609865470852,0.17040358744394618,0,223,630,407
unet,cell_00058.png,103,1117,1,48,0.5124378109452736,5.557213930348259,0.009950248756218905,0.23880597014925373,0,201,1215,1014
unet,cell_00059.png,229,966,4,102,0.541371158392435,2.2836879432624113,0.018912529550827423,0.24113475177304963,0,423,1160,737
unet,cell_00060.png,64,1244,0,27,0.5039370078740157,9.795275590551181,0.0,0.2125984251968504,0,127,1307,1180
unet,cell_00061.png,149,691,2,32,0.40161725067385445,1.862533692722372,0.01078167115902965,0.0862533692722372,0,371,913,542
unet,cell_00062.png,48,1155,3,6,0.6575342465753424,15.821917808219178,0.0821917808219178,0.0821917808219178,0,73,1180,1107
unet,cell_00063.png,156,394,2,44,0.4273972602739726,1.0794520547945206,0.010958904109589041,0.12054794520547946,0,365,603,238
unet,cell_00064.png,146,1185,9,53,0.5910931174089069,4.797570850202429,0.0728744939271255,0.2145748987854251,0,247,1286,1039
unet,cell_00065.png,196,875,2,124,0.45057471264367815,2.0114942528735633,0.009195402298850575,0.2850574712643678,0,435,1114,679
unet,cell_00066.png,144,458,3,37,0.39669421487603307,1.2617079889807163,0.01652892561983471,0.10192837465564739,0,363,677,314
unet,cell_00067.png,97,632,3,47,0.4349775784753363,2.8340807174887894,0.026905829596412557,0.21076233183856502,0,223,758,535
unet,cell_00068.png,152,1692,7,75,0.4257703081232493,4.739495798319328,0.04201680672268908,0.21008403361344538,0,357,1897,1540
unet,cell_00069.png,191,828,5,51,0.43507972665148065,1.8861047835990887,0.025056947608200455,0.11617312072892938,0,439,1076,637
unet,cell_00070.png,10,47,0,0,0.625,2.9375,0.0,0.0,0,16,53,37
unet,cell_00071.tif,3,185,0,2,0.75,46.25,0.0,0.5,0,4,186,182
unet,cell_00072.tif,6,231,0,1,0.8571428571428571,33.0,0.0,0.14285714285714285,0,7,232,225
unet,cell_00073.tif,2,309,0,2,1.0,154.5,0.0,1.0,0,2,309,307
unet,cell_00074.tif,211,4181,1,3,0.7785977859778598,15.428044280442805,0.007380073800738007,0.01107011070110701,0,271,4241,3970
unet,cell_00075.tif,63,124,1,4,0.4405594405594406,0.8671328671328671,0.013986013986013986,0.027972027972027972,0,143,204,61
unet,cell_00076.tif,2,8,0,0,0.1111111111111111,0.4444444444444444,0.0,0.0,0,18,24,6
unet,cell_00077.tif,30,184,2,9,0.8333333333333334,5.111111111111111,0.1111111111111111,0.25,0,36,190,154
unet,cell_00078.tif,177,94,26,21,0.9516129032258065,0.5053763440860215,0.9247311827956989,0.11290322580645161,0,186,103,-83
unet,cell_00079.tif,29,63,0,1,0.58,1.26,0.0,0.02,0,50,84,34
unet,cell_00080.tif,18,42,1,1,0.5142857142857142,1.2,0.05714285714285714,0.02857142857142857,0,35,59,24
unet,cell_00081.tif,39,66,0,3,0.5342465753424658,0.9041095890410958,0.0,0.0410958904109589,0,73,100,27
unet,cell_00082.tif,31,73,0,5,0.6078431372549019,1.4313725490196079,0.0,0.09803921568627451,0,51,93,42
unet,cell_00083.tif,29,60,0,3,0.5576923076923077,1.1538461538461537,0.0,0.057692307692307696,0,52,83,31
unet,cell_00084.tif,8,40,0,6,0.19047619047619047,0.9523809523809523,0.0,0.14285714285714285,0,42,74,32
unet,cell_00085.tif,10,40,0,6,0.2222222222222222,0.8888888888888888,0.0,0.13333333333333333,0,45,75,30
unet,cell_00086.tif,6,30,0,4,0.13953488372093023,0.6976744186046512,0.0,0.09302325581395349,0,43,67,24
unet,cell_00087.tif,13,39,0,3,0.30952380952380953,0.9285714285714286,0.0,0.07142857142857142,0,42,68,26
unet,cell_00088.tif,13,29,0,0,0.7222222222222222,1.6111111111111112,0.0,0.0,0,18,34,16
unet,cell_00089.tif,20,70,0,10,0.40816326530612246,1.4285714285714286,0.0,0.20408163265306123,0,49,99,50
unet,cell_00090.tif,10,31,0,1,0.25,0.775,0.0,0.025,0,40,61,21
unet,cell_00091.tif,18,89,0,10,0.4864864864864865,2.4054054054054053,0.0,0.2702702702702703,0,37,108,71
unet,cell_00092.tif,13,38,0,2,0.7222222222222222,2.111111111111111,0.0,0.1111111111111111,0,18,43,25
unet,cell_00093.tif,6,16,0,1,0.375,1.0,0.0,0.0625,0,16,26,10
unet,cell_00094.tif,2,12,0,1,0.14285714285714285,0.8571428571428571,0.0,0.07142857142857142,0,14,24,10
unet,cell_00095.tif,5,9,0,0,0.5,0.9,0.0,0.0,0,10,14,4
unet,cell_00096.tif,19,53,0,7,0.4222222222222222,1.1777777777777778,0.0,0.15555555555555556,0,45,79,34
unet,cell_00097.tif,11,39,0,4,0.3333333333333333,1.1818181818181819,0.0,0.12121212121212122,0,33,61,28
unet,cell_00098.tif,7,21,0,3,0.2692307692307692,0.8076923076923077,0.0,0.11538461538461539,0,26,40,14
unet,cell_00099.tif,161,477,2,28,0.6822033898305084,2.0211864406779663,0.01694915254237288,0.11864406779661017,0,236,552,316
unet,cell_00100.tif,490,104,4,3,0.9959349593495935,0.21138211382113822,0.018292682926829267,0.006097560975609756,0,492,106,-386
unet,cell_00101.tif,342,4089,0,5,0.35040983606557374,4.189549180327869,0.0,0.005122950819672131,0,976,4723,3747
nnunet,cell_00001.tiff,2,7,0,2,0.3333333333333333,1.1666666666666667,0.0,0.3333333333333333,0,6,11,5
nnunet,cell_00002.png,11,73,3,7,0.3055555555555556,2.0277777777777777,0.19444444444444445,0.19444444444444445,0,36,98,62
nnunet,cell_00003.tiff,4,11,0,2,0.23529411764705882,0.6470588235294118,0.0,0.11764705882352941,0,17,24,7
nnunet,cell_00004.png,0,21,0,0,0.0,1.4,0.0,0.0,0,15,36,21
nnunet,cell_00005.png,0,16,0,0,0.0,0.5925925925925926,0.0,0.0,0,27,43,16
nnunet,cell_00006.png,4,64,3,4,0.18181818181818182,2.909090909090909,0.3181818181818182,0.18181818181818182,0,22,82,60
nnunet,cell_00007.tiff,6,36,1,7,0.5,3.0,0.16666666666666666,0.5833333333333334,0,12,42,30
nnunet,cell_00008.tiff,3,10,1,0,0.23076923076923078,0.7692307692307693,0.15384615384615385,0.0,0,13,20,7
nnunet,cell_00009.png,10,23,0,1,0.03717472118959108,0.08550185873605948,0.0,0.0037174721189591076,0,269,282,13
nnunet,cell_00010.png,53,369,1,13,0.6883116883116883,4.792207792207792,0.025974025974025976,0.16883116883116883,0,77,393,316
nnunet,cell_00011.png,0,32,0,0,0.0,2.1333333333333333,0.0,0.0,0,15,47,32
nnunet,cell_00012.png,42,283,7,10,0.7777777777777778,5.2407407407407405,0.2962962962962963,0.18518518518518517,0,54,295,241
nnunet,cell_00013.tiff,9,51,0,4,0.5294117647058824,3.0,0.0,0.23529411764705882,0,17,59,42
nnunet,cell_00014.tiff,3,31,1,4,0.3333333333333333,3.4444444444444446,0.2222222222222222,0.4444444444444444,0,9,37,28
nnunet,cell_00015.png,0,87,0,0,0.0,5.4375,0.0,0.0,0,16,103,87
nnunet,cell_00016.tiff,3,40,0,3,0.375,5.0,0.0,0.375,0,8,45,37
nnunet,cell_00017.png,0,134,0,0,0.0,6.090909090909091,0.0,0.0,0,22,156,134
nnunet,cell_00018.tiff,7,29,2,5,0.4375,1.8125,0.25,0.3125,0,16,38,22
nnunet,cell_00019.tiff,3,22,0,2,0.3333333333333333,2.4444444444444446,0.0,0.2222222222222222,0,9,28,19
nnunet,cell_00020.tiff,6,42,0,5,0.6,4.2,0.0,0.5,0,10,46,36
nnunet,cell_00021.tiff,8,26,3,3,0.5333333333333333,1.7333333333333334,0.4,0.2,0,15,33,18
nnunet,cell_00022.tiff,7,20,2,2,0.4117647058823529,1.1764705882352942,0.29411764705882354,0.11764705882352941,0,17,30,13
nnunet,cell_00023.tiff,8,58,0,9,0.42105263157894735,3.0526315789473686,0.0,0.47368421052631576,0,19,69,50
nnunet,cell_00024.tiff,5,17,1,4,0.4166666666666667,1.4166666666666667,0.16666666666666666,0.3333333333333333,0,12,24,12
nnunet,cell_00025.png,23,159,4,3,0.6571428571428571,4.542857142857143,0.22857142857142856,0.08571428571428572,0,35,171,136
nnunet,cell_00026.png,6,35,2,1,0.18181818181818182,1.0606060606060606,0.15151515151515152,0.030303030303030304,0,33,62,29
nnunet,cell_00027.tiff,21,90,1,6,0.45652173913043476,1.9565217391304348,0.043478260869565216,0.13043478260869565,0,46,115,69
nnunet,cell_00028.tiff,95,222,0,15,0.8407079646017699,1.9646017699115044,0.0,0.13274336283185842,0,113,240,127
nnunet,cell_00029.tiff,66,216,0,13,0.8148148148148148,2.6666666666666665,0.0,0.16049382716049382,0,81,231,150
nnunet,cell_00030.tiff,24,70,1,2,0.3076923076923077,0.8974358974358975,0.02564102564102564,0.02564102564102564,0,78,124,46
nnunet,cell_00031.tiff,81,110,0,12,0.48502994011976047,0.6586826347305389,0.0,0.0718562874251497,0,167,196,29
nnunet,cell_00032.tiff,72,110,0,14,0.496551724137931,0.7586206896551724,0.0,0.09655172413793103,0,145,183,38
nnunet,cell_00033.tiff,50,90,1,10,0.42735042735042733,0.7692307692307693,0.017094017094017096,0.08547008547008547,0,117,157,40
nnunet,cell_00034.tiff,39,63,2,4,0.3046875,0.4921875,0.03125,0.03125,0,128,152,24
nnunet,cell_00035.tiff,36,69,0,5,0.4235294117647059,0.8117647058823529,0.0,0.058823529411764705,0,85,118,33
nnunet,cell_00036.tiff,69,223,2,19,0.9583333333333334,3.0972222222222223,0.05555555555555555,0.2638888888888889,0,72,226,154
nnunet,cell_00037.tiff,79,204,0,14,0.9518072289156626,2.4578313253012047,0.0,0.1686746987951807,0,83,208,125
nnunet,cell_00038.tiff,77,486,1,21,0.8555555555555555,5.4,0.022222222222222223,0.23333333333333334,0,90,499,409
nnunet,cell_00039.tiff,108,219,0,17,0.7883211678832117,1.5985401459854014,0.0,0.12408759124087591,0,137,248,111
nnunet,cell_00040.png,9,190,0,0,0.4090909090909091,8.636363636363637,0.0,0.0,0,22,203,181
nnunet,cell_00041.png,3,573,0,0,0.2727272727272727,52.09090909090909,0.0,0.0,0,11,581,570
nnunet,cell_00042.png,1,411,0,0,0.09090909090909091,37.36363636363637,0.0,0.0,0,11,421,410
nnunet,cell_00043.png,138,677,5,30,0.41818181818181815,2.0515151515151517,0.03333333333333333,0.09090909090909091,0,330,869,539
nnunet,cell_00044.png,98,1222,9,43,0.5104166666666666,6.364583333333333,0.09375,0.22395833333333334,0,192,1316,1124
nnunet,cell_00045.png,98,680,4,44,0.31921824104234525,2.214983713355049,0.026058631921824105,0.14332247557003258,0,307,889,582
nnunet,cell_00046.png,271,1235,6,55,0.5891304347826087,2.6847826086956523,0.030434782608695653,0.11956521739130435,0,460,1424,964
nnunet,cell_00047.png,208,969,33,64,0.6439628482972136,3.0,0.3653250773993808,0.19814241486068113,0,323,1084,761
nnunet,cell_00048.png,161,1045,0,132,0.4192708333333333,2.7213541666666665,0.0,0.34375,0,384,1268,884
nnunet,cell_00049.png,100,871,6,69,0.26595744680851063,2.3164893617021276,0.031914893617021274,0.18351063829787234,0,376,1147,771
nnunet,cell_00050.png,92,1117,19,41,0.5317919075144508,6.456647398843931,0.21965317919075145,0.23699421965317918,0,173,1198,1025
nnunet,cell_00051.png,94,477,5,40,0.2454308093994778,1.2454308093994777,0.031331592689295036,0.10443864229765012,0,383,766,383
nnunet,cell_00052.png,200,1183,36,87,0.5376344086021505,3.1801075268817205,0.21774193548387097,0.23387096774193547,0,372,1355,983
nnunet,cell_00053.png,170,965,30,72,0.5723905723905723,3.249158249158249,0.26262626262626265,0.24242424242424243,0,297,1092,795
nnunet,cell_00054.png,156,804,9,40,0.4297520661157025,2.2148760330578514,0.05234159779614325,0.11019283746556474,0,363,1011,648
nnunet,cell_00055.png,56,1143,4,20,0.42748091603053434,8.725190839694656,0.061068702290076333,0.15267175572519084,0,131,1218,1087
nnunet,cell_00056.png,67,1050,8,70,0.33668341708542715,5.276381909547739,0.08040201005025126,0.35175879396984927,0,199,1182,983
nnunet,cell_00057.png,54,633,0,43,0.242152466367713,2.8385650224215246,0.0,0.19282511210762332,0,223,802,579
nnunet,cell_00058.png,81,998,11,52,0.40298507462686567,4.965174129353234,0.11940298507462686,0.25870646766169153,0,201,1118,917
nnunet,cell_00059.png,181,1115,11,126,0.42789598108747046,2.6359338061465722,0.05200945626477541,0.2978723404255319,0,423,1357,934
nnunet,cell_00060.png,50,1206,3,31,0.3937007874015748,9.496062992125983,0.047244094488188976,0.2440944881889764,0,127,1283,1156
nnunet,cell_00061.png,173,895,7,31,0.46630727762803237,2.4123989218328843,0.03773584905660377,0.08355795148247978,0,371,1093,722
nnunet,cell_00062.png,31,1241,4,6,0.4246575342465753,17.0,0.1095890410958904,0.0821917808219178,0,73,1283,1210
nnunet,cell_00063.png,92,431,16,45,0.25205479452054796,1.180821917808219,0.09315068493150686,0.1232876712328767,0,365,704,339
nnunet,cell_00064.png,108,1240,8,54,0.43724696356275305,5.020242914979757,0.08097165991902834,0.21862348178137653,0,247,1379,1132
nnunet,cell_00065.png,160,971,0,138,0.367816091954023,2.232183908045977,0.0,0.31724137931034485,0,435,1246,811
nnunet,cell_00066.png,114,606,11,37,0.3140495867768595,1.6694214876033058,0.06611570247933884,0.10192837465564739,0,363,855,492
nnunet,cell_00067.png,109,666,11,53,0.48878923766816146,2.986547085201794,0.11659192825112108,0.23766816143497757,0,223,780,557
nnunet,cell_00068.png,203,1251,27,69,0.5686274509803921,3.504201680672269,0.17086834733893558,0.19327731092436976,0,357,1405,1048
nnunet,cell_00069.png,213,1237,14,55,0.48519362186788156,2.8177676537585423,0.07061503416856492,0.1252847380410023,0,439,1463,1024
nnunet,cell_00070.png,1,35,0,0,0.0625,2.1875,0.0,0.0,0,16,50,34
nnunet,cell_00071.tif,3,239,0,2,0.75,59.75,0.0,0.5,0,4,240,236
nnunet,cell_00072.tif,6,627,1,1,0.8571428571428571,89.57142857142857,0.2857142857142857,0.14285714285714285,0,7,628,621
nnunet,cell_00073.tif,2,469,0,2,1.0,234.5,0.0,1.0,0,2,469,467
nnunet,cell_00074.tif,254,1756,6,3,0.9372693726937269,6.479704797047971,0.05904059040590406,0.01107011070110701,0,271,1773,1502
nnunet,cell_00075.tif,39,54,4,3,0.2727272727272727,0.3776223776223776,0.055944055944055944,0.02097902097902098,0,143,158,15
nnunet,cell_00076.tif,3,15,0,0,0.16666666666666666,0.8333333333333334,0.0,0.0,0,18,30,12
nnunet,cell_00077.tif,34,412,2,11,0.9444444444444444,11.444444444444445,0.1388888888888889,0.3055555555555556,0,36,414,378
nnunet,cell_00078.tif,182,246,14,17,0.978494623655914,1.3225806451612903,0.9139784946236559,0.0913978494623656,0,186,250,64
nnunet,cell_00079.tif,18,42,0,2,0.36,0.84,0.0,0.04,0,50,74,24
nnunet,cell_00080.tif,11,26,0,1,0.3142857142857143,0.7428571428571429,0.0,0.02857142857142857,0,35,50,15
nnunet,cell_00081.tif,26,48,0,2,0.3561643835616438,0.6575342465753424,0.0,0.0273972602739726,0,73,95,22
nnunet,cell_00082.tif,18,48,0,5,0.35294117647058826,0.9411764705882353,0.0,0.09803921568627451,0,51,81,30
nnunet,cell_00083.tif,25,36,1,4,0.4807692307692308,0.6923076923076923,0.038461538461538464,0.07692307692307693,0,52,63,11
nnunet,cell_00084.tif,6,40,0,6,0.14285714285714285,0.9523809523809523,0.0,0.14285714285714285,0,42,76,34
nnunet,cell_00085.tif,5,21,0,1,0.1111111111111111,0.4666666666666667,0.0,0.022222222222222223,0,45,61,16
nnunet,cell_00086.tif,4,32,0,4,0.09302325581395349,0.7441860465116279,0.0,0.09302325581395349,0,43,71,28
nnunet,cell_00087.tif,6,25,1,0,0.14285714285714285,0.5952380952380952,0.047619047619047616,0.0,0,42,61,19
nnunet,cell_00088.tif,10,22,0,0,0.5555555555555556,1.2222222222222223,0.0,0.0,0,18,30,12
nnunet,cell_00089.tif,15,48,0,7,0.30612244897959184,0.9795918367346939,0.0,0.14285714285714285,0,49,82,33
nnunet,cell_00090.tif,6,17,0,0,0.15,0.425,0.0,0.0,0,40,51,11
nnunet,cell_00091.tif,14,53,0,9,0.3783783783783784,1.4324324324324325,0.0,0.24324324324324326,0,37,76,39
nnunet,cell_00092.tif,8,28,0,1,0.4444444444444444,1.5555555555555556,0.0,0.05555555555555555,0,18,38,20
nnunet,cell_00093.tif,3,19,0,1,0.1875,1.1875,0.0,0.0625,0,16,32,16
nnunet,cell_00094.tif,1,6,0,0,0.07142857142857142,0.42857142857142855,0.0,0.0,0,14,19,5
nnunet,cell_00095.tif,4,20,0,0,0.4,2.0,0.0,0.0,0,10,26,16
nnunet,cell_00096.tif,13,45,0,7,0.28888888888888886,1.0,0.0,0.15555555555555556,0,45,77,32
nnunet,cell_00097.tif,9,37,0,6,0.2727272727272727,1.121212121212121,0.0,0.18181818181818182,0,33,61,28
nnunet,cell_00098.tif,4,12,0,2,0.15384615384615385,0.46153846153846156,0.0,0.07692307692307693,0,26,34,8
nnunet,cell_00099.tif,122,401,0,30,0.5169491525423728,1.6991525423728813,0.0,0.1271186440677966,0,236,515,279
nnunet,cell_00100.tif,492,20,0,0,1.0,0.04065040650406504,0.0,0.0,0,492,20,-472
nnunet,cell_00101.tif,367,2187,2,3,0.3760245901639344,2.24077868852459,0.004098360655737705,0.0030737704918032786,0,976,2796,1820
sac,cell_00001.tiff,5,190,0,4,0.8333333333333334,31.666666666666668,0.0,0.6666666666666666,0,6,191,185
sac,cell_00002.png,36,0,0,0,1.0,0.0,0.0,0.0,0,36,0,-36
sac,cell_00003.tiff,17,107,0,2,1.0,6.294117647058823,0.0,0.11764705882352941,0,17,107,90
sac,cell_00004.png,15,511,0,0,1.0,34.06666666666667,0.0,0.0,0,15,511,496
sac,cell_00005.png,26,569,0,0,0.9629629629629629,21.074074074074073,0.0,0.0,0,27,570,543
sac,cell_00006.png,22,0,0,0,1.0,0.0,0.0,0.0,0,22,0,-22
sac,cell_00007.tiff,12,180,0,7,1.0,15.0,0.0,0.5833333333333334,0,12,180,168
sac,cell_00008.tiff,13,234,0,4,1.0,18.0,0.0,0.3076923076923077,0,13,234,221
sac,cell_00009.png,269,475,0,0,1.0,1.7657992565055762,0.0,0.0,0,269,475,206
sac,cell_00010.png,77,11,0,0,1.0,0.14285714285714285,0.0,0.0,0,77,11,-66
sac,cell_00011.png,14,584,0,0,0.9333333333333333,38.93333333333333,0.0,0.0,0,15,585,570
sac,cell_00012.png,54,389,2,7,1.0,7.203703703703703,0.07407407407407407,0.12962962962962962,0,54,389,335
sac,cell_00013.tiff,17,179,1,8,1.0,10.529411764705882,0.17647058823529413,0.47058823529411764,0,17,179,162
sac,cell_00014.tiff,9,202,0,4,1.0,22.444444444444443,0.0,0.4444444444444444,0,9,202,193
sac,cell_00015.png,16,380,0,0,1.0,23.75,0.0,0.0,0,16,380,364
sac,cell_00016.tiff,8,162,1,5,1.0,20.25,0.25,0.625,0,8,162,154
sac,cell_00017.png,22,475,0,0,1.0,21.59090909090909,0.0,0.0,0,22,475,453
sac,cell_00018.tiff,16,184,0,7,1.0,11.5,0.0,0.4375,0,16,184,168
sac,cell_00019.tiff,9,97,0,1,1.0,10.777777777777779,0.0,0.1111111111111111,0,9,97,88
sac,cell_00020.tiff,10,107,0,3,1.0,10.7,0.0,0.3,0,10,107,97
sac,cell_00021.tiff,14,158,1,5,0.9333333333333333,10.533333333333333,0.26666666666666666,0.3333333333333333,0,15,159,144
sac,cell_00022.tiff,16,164,1,8,0.9411764705882353,9.647058823529411,0.11764705882352941,0.47058823529411764,0,17,165,148
sac,cell_00023.tiff,19,173,1,5,1.0,9.105263157894736,0.10526315789473684,0.2631578947368421,0,19,173,154
sac,cell_00024.tiff,12,192,0,6,1.0,16.0,0.0,0.5,0,12,192,180
sac,cell_00025.png,35,0,0,0,1.0,0.0,0.0,0.0,0,35,0,-35
sac,cell_00026.png,33,0,0,0,1.0,0.0,0.0,0.0,0,33,0,-33
sac,cell_00027.tiff,46,88,0,0,1.0,1.9130434782608696,0.0,0.0,0,46,88,42
sac,cell_00028.tiff,113,198,1,1,1.0,1.752212389380531,0.017699115044247787,0.008849557522123894,0,113,198,85
sac,cell_00029.tiff,81,240,0,0,1.0,2.962962962962963,0.0,0.0,0,81,240,159
sac,cell_00030.tiff,78,251,0,0,1.0,3.217948717948718,0.0,0.0,0,78,251,173
sac,cell_00031.tiff,167,271,3,2,1.0,1.622754491017964,0.04790419161676647,0.011976047904191617,0,167,271,104
sac,cell_00032.tiff,145,305,4,0,1.0,2.103448275862069,0.06896551724137931,0.0,0,145,305,160
sac,cell_00033.tiff,117,264,0,1,1.0,2.2564102564102564,0.0,0.008547008547008548,0,117,264,147
sac,cell_00034.tiff,128,304,1,0,1.0,2.375,0.015625,0.0,0,128,304,176
sac,cell_00035.tiff,85,343,0,0,1.0,4.035294117647059,0.0,0.0,0,85,343,258
sac,cell_00036.tiff,72,316,1,3,1.0,4.388888888888889,0.027777777777777776,0.041666666666666664,0,72,316,244
sac,cell_00037.tiff,83,268,0,1,1.0,3.2289156626506026,0.0,0.012048192771084338,0,83,268,185
sac,cell_00038.tiff,90,228,7,10,1.0,2.533333333333333,0.24444444444444444,0.1111111111111111,0,90,228,138
sac,cell_00039.tiff,137,262,0,0,1.0,1.9124087591240877,0.0,0.0,0,137,262,125
sac,cell_00040.png,22,451,0,0,1.0,20.5,0.0,0.0,0,22,451,429
sac,cell_00041.png,11,573,0,0,1.0,52.09090909090909,0.0,0.0,0,11,573,562
sac,cell_00042.png,11,193,0,0,1.0,17.545454545454547,0.0,0.0,0,11,193,182
sac,cell_00043.png,327,38,0,0,0.990909090909091,0.11515151515151516,0.0,0.0,0,330,41,-289
sac,cell_00044.png,190,119,0,2,0.9895833333333334,0.6197916666666666,0.0,0.010416666666666666,0,192,121,-71
sac,cell_00045.png,307,114,0,3,1.0,0.3713355048859935,0.0,0.009771986970684038,0,307,114,-193
sac,cell_00046.png,459,137,1,0,0.9978260869565218,0.29782608695652174,0.004347826086956522,0.0,0,460,138,-322
sac,cell_00047.png,323,164,2,5,1.0,0.5077399380804953,0.01238390092879257,0.015479876160990712,0,323,164,-159
sac,cell_00048.png,384,219,5,8,1.0,0.5703125,0.033854166666666664,0.020833333333333332,0,384,219,-165
sac,cell_00049.png,376,112,0,1,1.0,0.2978723404255319,0.0,0.0026595744680851063,0,376,112,-264
sac,cell_00050.png,173,123,0,1,1.0,0.7109826589595376,0.0,0.005780346820809248,0,173,123,-50
sac,cell_00051.png,383,59,0,1,1.0,0.15404699738903394,0.0,0.0026109660574412533,0,383,59,-324
sac,cell_00052.png,371,121,1,3,0.9973118279569892,0.32526881720430106,0.005376344086021506,0.008064516129032258,0,372,122,-250
sac,cell_00053.png,295,203,1,8,0.9932659932659933,0.6835016835016835,0.010101010101010102,0.026936026936026935,0,297,205,-92
sac,cell_00054.png,361,193,1,4,0.9944903581267218,0.5316804407713499,0.005509641873278237,0.011019283746556474,0,363,195,-168
sac,cell_00055.png,131,222,0,3,1.0,1.6946564885496183,0.0,0.022900763358778626,0,131,222,91
sac,cell_00056.png,198,248,0,9,0.9949748743718593,1.2462311557788945,0.0,0.04522613065326633,0,199,249,50
sac,cell_00057.png,223,180,3,4,1.0,0.8071748878923767,0.026905829596412557,0.017937219730941704,0,223,180,-43
sac,cell_00058.png,200,277,5,18,0.9950248756218906,1.3781094527363185,0.05472636815920398,0.08955223880597014,0,201,278,77
sac,cell_00059.png,423,105,2,2,1.0,0.24822695035460993,0.009456264775413711,0.004728132387706856,0,423,105,-318
sac,cell_00060.png,127,229,0,3,1.0,1.8031496062992125,0.0,0.023622047244094488,0,127,229,102
sac,cell_00061.png,369,164,1,5,0.9946091644204852,0.4420485175202156,0.005390835579514825,0.013477088948787063,0,371,166,-205
sac,cell_00062.png,73,137,0,1,1.0,1.8767123287671232,0.0,0.0136986301369863,0,73,137,64
sac,cell_00063.png,364,92,0,0,0.9972602739726028,0.25205479452054796,0.0,0.0,0,365,93,-272
sac,cell_00064.png,247,236,1,6,1.0,0.9554655870445344,0.008097165991902834,0.024291497975708502,0,247,236,-11
sac,cell_00065.png,435,238,10,11,1.0,0.5471264367816092,0.05057471264367816,0.02528735632183908,0,435,238,-197
sac,cell_00066.png,363,100,0,3,1.0,0.27548209366391185,0.0,0.008264462809917356,0,363,100,-263
sac,cell_00067.png,222,208,1,12,0.9955156950672646,0.9327354260089686,0.008968609865470852,0.053811659192825115,0,223,209,-14
sac,cell_00068.png,354,193,3,4,0.9915966386554622,0.5406162464985994,0.022408963585434174,0.011204481792717087,0,357,196,-161
sac,cell_00069.png,436,103,0,0,0.9931662870159453,0.23462414578587698,0.0,0.0,0,439,106,-333
sac,cell_00070.png,16,560,0,0,1.0,35.0,0.0,0.0,0,16,560,544
sac,cell_00071.tif,4,326,0,0,1.0,81.5,0.0,0.0,0,4,326,322
sac,cell_00072.tif,7,322,0,1,1.0,46.0,0.0,0.14285714285714285,0,7,322,315
sac,cell_00073.tif,2,305,0,1,1.0,152.5,0.0,0.5,0,2,305,303
sac,cell_00074.tif,270,420,7,2,0.996309963099631,1.5498154981549817,0.055350553505535055,0.007380073800738007,0,271,421,150
sac,cell_00075.tif,143,246,0,0,1.0,1.7202797202797202,0.0,0.0,0,143,246,103
sac,cell_00076.tif,18,28,0,0,1.0,1.5555555555555556,0.0,0.0,0,18,28,10
sac,cell_00077.tif,36,216,0,3,1.0,6.0,0.0,0.08333333333333333,0,36,216,180
sac,cell_00078.tif,186,109,9,8,1.0,0.5860215053763441,0.8010752688172043,0.043010752688172046,0,186,109,-77
sac,cell_00079.tif,50,229,1,1,1.0,4.58,0.04,0.02,0,50,229,179
sac,cell_00080.tif,35,286,0,0,1.0,8.17142857142857,0.0,0.0,0,35,286,251
sac,cell_00081.tif,73,244,2,0,1.0,3.3424657534246576,0.0547945205479452,0.0,0,73,244,171
sac,cell_00082.tif,51,240,0,0,1.0,4.705882352941177,0.0,0.0,0,51,240,189
sac,cell_00083.tif,52,295,2,1,1.0,5.673076923076923,0.07692307692307693,0.019230769230769232,0,52,295,243
sac,cell_00084.tif,42,185,3,10,1.0,4.404761904761905,0.14285714285714285,0.23809523809523808,0,42,185,143
sac,cell_00085.tif,45,168,3,6,1.0,3.7333333333333334,0.15555555555555556,0.13333333333333333,0,45,168,123
sac,cell_00086.tif,42,175,2,5,0.9767441860465116,4.069767441860465,0.09302325581395349,0.11627906976744186,0,43,176,133
sac,cell_00087.tif,42,170,1,10,1.0,4.0476190476190474,0.07142857142857142,0.23809523809523808,0,42,170,128
sac,cell_00088.tif,18,181,2,1,1.0,10.055555555555555,0.2222222222222222,0.05555555555555555,0,18,181,163
sac,cell_00089.tif,49,177,2,10,1.0,3.6122448979591835,0.08163265306122448,0.20408163265306123,0,49,177,128
sac,cell_00090.tif,40,233,0,1,1.0,5.825,0.0,0.025,0,40,233,193
sac,cell_00091.tif,37,109,4,6,1.0,2.945945945945946,0.24324324324324326,0.16216216216216217,0,37,109,72
sac,cell_00092.tif,18,266,1,0,1.0,14.777777777777779,0.1111111111111111,0.0,0,18,266,248
sac,cell_00093.tif,16,89,0,1,1.0,5.5625,0.0,0.0625,0,16,89,73
sac,cell_00094.tif,12,97,1,2,0.8571428571428571,6.928571428571429,0.14285714285714285,0.14285714285714285,0,14,99,85
sac,cell_00095.tif,10,79,0,0,1.0,7.9,0.0,0.0,0,10,79,69
sac,cell_00096.tif,45,236,4,15,1.0,5.2444444444444445,0.2222222222222222,0.3333333333333333,0,45,236,191
sac,cell_00097.tif,33,253,2,7,1.0,7.666666666666667,0.12121212121212122,0.21212121212121213,0,33,253,220
sac,cell_00098.tif,25,255,2,5,0.9615384615384616,9.807692307692308,0.19230769230769232,0.19230769230769232,0,26,256,230
sac,cell_00099.tif,236,309,0,2,1.0,1.3093220338983051,0.0,0.00847457627118644,0,236,309,73
sac,cell_00100.tif,490,223,39,17,0.9959349593495935,0.4532520325203252,0.2845528455284553,0.034552845528455285,0,492,225,-267
sac,cell_00101.tif,975,310,0,1,0.9989754098360656,0.3176229508196721,0.0,0.0010245901639344263,0,976,311,-665
lstmunet,cell_00001.tiff,4,49,0,3,0.6666666666666666,8.166666666666666,0.0,0.5,0,6,51,45
lstmunet,cell_00002.png,8,156,0,8,0.2222222222222222,4.333333333333333,0.0,0.2222222222222222,0,36,184,148
lstmunet,cell_00003.tiff,15,76,0,7,0.8823529411764706,4.470588235294118,0.0,0.4117647058823529,0,17,78,61
lstmunet,cell_00004.png,1,316,0,0,0.06666666666666667,21.066666666666666,0.0,0.0,0,15,330,315
lstmunet,cell_00005.png,1,214,0,0,0.037037037037037035,7.925925925925926,0.0,0.0,0,27,240,213
lstmunet,cell_00006.png,17,305,0,9,0.7727272727272727,13.863636363636363,0.0,0.4090909090909091,0,22,310,288
lstmunet,cell_00007.tiff,10,196,0,8,0.8333333333333334,16.333333333333332,0.0,0.6666666666666666,0,12,198,186
lstmunet,cell_00008.tiff,2,184,0,3,0.15384615384615385,14.153846153846153,0.0,0.23076923076923078,0,13,195,182
lstmunet,cell_00009.png,11,49,0,0,0.040892193308550186,0.1821561338289963,0.0,0.0,0,269,307,38
lstmunet,cell_00010.png,34,313,0,27,0.44155844155844154,4.064935064935065,0.0,0.35064935064935066,0,77,356,279
lstmunet,cell_00011.png,5,2201,0,0,0.3333333333333333,146.73333333333332,0.0,0.0,0,15,2211,2196
lstmunet,cell_00012.png,48,978,3,13,0.8888888888888888,18.11111111111111,0.12962962962962962,0.24074074074074073,0,54,984,930
lstmunet,cell_00013.tiff,10,64,0,7,0.5882352941176471,3.764705882352941,0.0,0.4117647058823529,0,17,71,54
lstmunet,cell_00014.tiff,6,96,0,4,0.6666666666666666,10.666666666666666,0.0,0.4444444444444444,0,9,99,90
lstmunet,cell_00015.png,0,250,0,0,0.0,15.625,0.0,0.0,0,16,266,250
lstmunet,cell_00016.tiff,7,92,0,6,0.875,11.5,0.0,0.75,0,8,93,85
lstmunet,cell_00017.png,1,2862,0,0,0.045454545454545456,130.0909090909091,0.0,0.0,0,22,2883,2861
lstmunet,cell_00018.tiff,8,86,0,7,0.5,5.375,0.0,0.4375,0,16,94,78
lstmunet,cell_00019.tiff,7,42,0,5,0.7777777777777778,4.666666666666667,0.0,0.5555555555555556,0,9,44,35
lstmunet,cell_00020.tiff,7,95,0,6,0.7,9.5,0.0,0.6,0,10,98,88
lstmunet,cell_00021.tiff,8,65,1,7,0.5333333333333333,4.333333333333333,0.13333333333333333,0.4666666666666667,0,15,72,57
lstmunet,cell_00022.tiff,5,39,1,5,0.29411764705882354,2.2941176470588234,0.11764705882352941,0.29411764705882354,0,17,51,34
lstmunet,cell_00023.tiff,8,92,0,9,0.42105263157894735,4.842105263157895,0.0,0.47368421052631576,0,19,103,84
lstmunet,cell_00024.tiff,4,49,0,5,0.3333333333333333,4.083333333333333,0.0,0.4166666666666667,0,12,57,45
lstmunet,cell_00025.png,19,280,2,7,0.5428571428571428,8.0,0.11428571428571428,0.2,0,35,296,261
lstmunet,cell_00026.png,28,180,0,15,0.8484848484848485,5.454545454545454,0.0,0.45454545454545453,0,33,185,152
lstmunet,cell_00027.tiff,29,141,0,3,0.6304347826086957,3.0652173913043477,0.0,0.06521739130434782,0,46,158,112
lstmunet,cell_00028.tiff,103,302,0,13,0.911504424778761,2.672566371681416,0.0,0.11504424778761062,0,113,312,199
lstmunet,cell_00029.tiff,69,315,0,11,0.8518518518518519,3.888888888888889,0.0,0.13580246913580246,0,81,327,246
lstmunet,cell_00030.tiff,36,132,2,4,0.46153846153846156,1.6923076923076923,0.05128205128205128,0.05128205128205128,0,78,174,96
lstmunet,cell_00031.tiff,97,183,6,13,0.5808383233532934,1.095808383233533,0.0718562874251497,0.07784431137724551,0,167,253,86
lstmunet,cell_00032.tiff,66,144,2,11,0.45517241379310347,0.993103448275862,0.027586206896551724,0.07586206896551724,0,145,223,78
lstmunet,cell_00033.tiff,53,145,4,6,0.452991452991453,1.2393162393162394,0.06837606837606838,0.05128205128205128,0,117,209,92
lstmunet,cell_00034.tiff,48,109,3,3,0.375,0.8515625,0.046875,0.0234375,0,128,189,61
lstmunet,cell_00035.tiff,29,93,0,3,0.3411764705882353,1.0941176470588236,0.0,0.03529411764705882,0,85,149,64
lstmunet,cell_00036.tiff,69,313,1,17,0.9583333333333334,4.347222222222222,0.027777777777777776,0.2361111111111111,0,72,316,244
lstmunet,cell_00037.tiff,79,290,3,18,0.9518072289156626,3.4939759036144578,0.08433734939759036,0.21686746987951808,0,83,294,211
lstmunet,cell_00038.tiff,79,507,3,24,0.8777777777777778,5.633333333333334,0.06666666666666667,0.26666666666666666,0,90,518,428
lstmunet,cell_00039.tiff,110,336,0,15,0.8029197080291971,2.4525547445255476,0.0,0.10948905109489052,0,137,363,226
lstmunet,cell_00040.png,13,134,0,0,0.5909090909090909,6.090909090909091,0.0,0.0,0,22,143,121
lstmunet,cell_00041.png,0,253,0,0,0.0,23.0,0.0,0.0,0,11,264,253
lstmunet,cell_00042.png,3,84,0,0,0.2727272727272727,7.636363636363637,0.0,0.0,0,11,92,81
lstmunet,cell_00043.png,163,414,0,21,0.49393939393939396,1.2545454545454546,0.0,0.06363636363636363,0,330,581,251
lstmunet,cell_00044.png,143,1141,1,30,0.7447916666666666,5.942708333333333,0.010416666666666666,0.15625,0,192,1190,998
lstmunet,cell_00045.png,153,646,1,44,0.498371335504886,2.1042345276872965,0.006514657980456026,0.14332247557003258,0,307,800,493
lstmunet,cell_00046.png,255,845,5,57,0.5543478260869565,1.8369565217391304,0.021739130434782608,0.12391304347826088,0,460,1050,590
lstmunet,cell_00047.png,231,1029,5,74,0.7151702786377709,3.1857585139318885,0.030959752321981424,0.22910216718266255,0,323,1121,798
lstmunet,cell_00048.png,213,1030,3,126,0.5546875,2.6822916666666665,0.015625,0.328125,0,384,1201,817
lstmunet,cell_00049.png,229,525,1,57,0.6090425531914894,1.3962765957446808,0.005319148936170213,0.15159574468085107,0,376,672,296
lstmunet,cell_00050.png,131,1037,0,27,0.7572254335260116,5.994219653179191,0.0,0.15606936416184972,0,173,1079,906
lstmunet,cell_00051.png,185,408,0,33,0.4830287206266319,1.0652741514360313,0.0,0.08616187989556136,0,383,606,223
lstmunet,cell_00052.png,209,717,1,82,0.5618279569892473,1.9274193548387097,0.010752688172043012,0.22043010752688172,0,372,880,508
lstmunet,cell_00053.png,183,877,8,68,0.6161616161616161,2.952861952861953,0.05387205387205387,0.22895622895622897,0,297,991,694
lstmunet,cell_00054.png,145,878,1,30,0.39944903581267216,2.418732782369146,0.005509641873278237,0.08264462809917356,0,363,1096,733
lstmunet,cell_00055.png,75,1170,0,14,0.5725190839694656,8.931297709923664,0.0,0.10687022900763359,0,131,1226,1095
lstmunet,cell_00056.png,122,1306,1,53,0.6130653266331658,6.562814070351759,0.010050251256281407,0.2663316582914573,0,199,1383,1184
lstmunet,cell_00057.png,106,682,0,34,0.47533632286995514,3.0582959641255605,0.0,0.15246636771300448,0,223,799,576
lstmunet,cell_00058.png,117,952,9,46,0.582089552238806,4.736318407960199,0.0945273631840796,0.22885572139303484,0,201,1036,835
lstmunet,cell_00059.png,228,937,4,89,0.5390070921985816,2.215130023640662,0.018912529550827423,0.21040189125295508,0,423,1132,709
lstmunet,cell_00060.png,89,1134,0,25,0.7007874015748031,8.929133858267717,0.0,0.1968503937007874,0,127,1172,1045
lstmunet,cell_00061.png,159,909,1,29,0.42857142857142855,2.450134770889488,0.005390835579514825,0.07816711590296496,0,371,1121,750
lstmunet,cell_00062.png,60,1526,5,4,0.821917808219178,20.904109589041095,0.1506849315068493,0.0547945205479452,0,73,1539,1466
lstmunet,cell_00063.png,169,493,0,45,0.46301369863013697,1.3506849315068492,0.0,0.1232876712328767,0,365,689,324
lstmunet,cell_00064.png,155,1122,4,53,0.6275303643724697,4.5425101214574894,0.032388663967611336,0.2145748987854251,0,247,1214,967
lstmunet,cell_00065.png,205,972,3,126,0.47126436781609193,2.2344827586206897,0.013793103448275862,0.2896551724137931,0,435,1202,767
lstmunet,cell_00066.png,159,516,0,39,0.4380165289256198,1.421487603305785,0.0,0.10743801652892562,0,363,720,357
lstmunet,cell_00067.png,112,781,0,48,0.5022421524663677,3.502242152466368,0.0,0.21524663677130046,0,223,892,669
lstmunet,cell_00068.png,197,835,6,74,0.5518207282913166,2.338935574229692,0.036414565826330535,0.20728291316526612,0,357,995,638
lstmunet,cell_00069.png,215,850,6,58,0.489749430523918,1.9362186788154898,0.02733485193621868,0.13211845102505695,0,439,1074,635
lstmunet,cell_00070.png,7,1651,0,0,0.4375,103.1875,0.0,0.0,0,16,1660,1644
lstmunet,cell_00071.tif,4,128,0,2,1.0,32.0,0.0,0.5,0,4,128,124
lstmunet,cell_00072.tif,7,116,0,1,1.0,16.571428571428573,0.0,0.14285714285714285,0,7,116,109
lstmunet,cell_00073.tif,2,289,0,2,1.0,144.5,0.0,1.0,0,2,289,287
lstmunet,cell_00074.tif,266,2009,5,3,0.981549815498155,7.413284132841328,0.03690036900369004,0.01107011070110701,0,271,2014,1743
lstmunet,cell_00075.tif,113,139,1,2,0.7902097902097902,0.972027972027972,0.013986013986013986,0.013986013986013986,0,143,169,26
lstmunet,cell_00076.tif,7,94,0,0,0.3888888888888889,5.222222222222222,0.0,0.0,0,18,105,87
lstmunet,cell_00077.tif,24,42,4,2,0.6666666666666666,1.1666666666666667,0.2222222222222222,0.05555555555555555,0,36,54,18
lstmunet,cell_00078.tif,186,63,2,2,1.0,0.3387096774193548,0.9838709677419355,0.010752688172043012,0,186,63,-123
lstmunet,cell_00079.tif,18,76,2,2,0.36,1.52,0.08,0.04,0,50,108,58
lstmunet,cell_00080.tif,13,63,0,1,0.37142857142857144,1.8,0.0,0.02857142857142857,0,35,85,50
lstmunet,cell_00081.tif,29,84,1,3,0.3972602739726027,1.1506849315068493,0.0410958904109589,0.0410958904109589,0,73,128,55
lstmunet,cell_00082.tif,21,79,0,6,0.4117647058823529,1.5490196078431373,0.0,0.11764705882352941,0,51,109,58
lstmunet,cell_00083.tif,24,80,0,6,0.46153846153846156,1.5384615384615385,0.0,0.11538461538461539,0,52,108,56
lstmunet,cell_00084.tif,5,42,1,3,0.11904761904761904,1.0,0.047619047619047616,0.07142857142857142,0,42,79,37
lstmunet,cell_00085.tif,4,32,1,2,0.08888888888888889,0.7111111111111111,0.044444444444444446,0.044444444444444446,0,45,73,28
lstmunet,cell_00086.tif,4,40,0,4,0.09302325581395349,0.9302325581395349,0.0,0.09302325581395349,0,43,79,36
lstmunet,cell_00087.tif,9,59,1,3,0.21428571428571427,1.4047619047619047,0.047619047619047616,0.07142857142857142,0,42,92,50
lstmunet,cell_00088.tif,11,45,0,1,0.6111111111111112,2.5,0.0,0.05555555555555555,0,18,52,34
lstmunet,cell_00089.tif,9,63,0,4,0.1836734693877551,1.2857142857142858,0.0,0.08163265306122448,0,49,103,54
lstmunet,cell_00090.tif,9,41,1,3,0.225,1.025,0.05,0.075,0,40,72,32
lstmunet,cell_00091.tif,15,81,1,10,0.40540540540540543,2.189189189189189,0.05405405405405406,0.2702702702702703,0,37,103,66
lstmunet,cell_00092.tif,9,82,0,4,0.5,4.555555555555555,0.0,0.2222222222222222,0,18,91,73
lstmunet,cell_00093.tif,4,35,0,1,0.25,2.1875,0.0,0.0625,0,16,47,31
lstmunet,cell_00094.tif,0,22,0,0,0.0,1.5714285714285714,0.0,0.0,0,14,36,22
lstmunet,cell_00095.tif,3,34,0,0,0.3,3.4,0.0,0.0,0,10,41,31
lstmunet,cell_00096.tif,11,58,0,7,0.24444444444444444,1.288888888888889,0.0,0.15555555555555556,0,45,92,47
lstmunet,cell_00097.tif,5,44,0,2,0.15151515151515152,1.3333333333333333,0.0,0.06060606060606061,0,33,72,39
lstmunet,cell_00098.tif,4,31,1,1,0.15384615384615385,1.1923076923076923,0.07692307692307693,0.038461538461538464,0,26,53,27
lstmunet,cell_00099.tif,141,390,3,23,0.597457627118644,1.652542372881356,0.025423728813559324,0.09745762711864407,0,236,485,249
lstmunet,cell_00100.tif,489,244,46,29,0.9939024390243902,0.4959349593495935,0.5182926829268293,0.05894308943089431,0,492,247,-245
lstmunet,cell_00101.tif,366,872,2,3,0.375,0.8934426229508197,0.004098360655737705,0.0030737704918032786,0,976,1482,506
maunet_resnet50,cell_00001.tiff,3,9,0,3,0.5,1.5,0.0,0.5,0,6,12,6
maunet_resnet50,cell_00002.png,3,20,1,5,0.08333333333333333,0.5555555555555556,0.05555555555555555,0.1388888888888889,0,36,53,17
maunet_resnet50,cell_00003.tiff,12,20,0,5,0.7058823529411765,1.1764705882352942,0.0,0.29411764705882354,0,17,25,8
maunet_resnet50,cell_00004.png,0,2,0,0,0.0,0.13333333333333333,0.0,0.0,0,15,17,2
maunet_resnet50,cell_00005.png,0,0,0,0,0.0,0.0,0.0,0.0,0,27,27,0
maunet_resnet50,cell_00006.png,6,48,1,3,0.2727272727272727,2.1818181818181817,0.22727272727272727,0.13636363636363635,0,22,64,42
maunet_resnet50,cell_00007.tiff,10,33,0,6,0.8333333333333334,2.75,0.0,0.5,0,12,35,23
maunet_resnet50,cell_00008.tiff,10,16,0,5,0.7692307692307693,1.2307692307692308,0.0,0.38461538461538464,0,13,19,6
maunet_resnet50,cell_00009.png,5,18,0,1,0.01858736059479554,0.06691449814126393,0.0,0.0037174721189591076,0,269,282,13
maunet_resnet50,cell_00010.png,24,120,7,19,0.3116883116883117,1.5584415584415585,0.23376623376623376,0.24675324675324675,0,77,173,96
maunet_resnet50,cell_00011.png,0,2,0,0,0.0,0.13333333333333333,0.0,0.0,0,15,17,2
maunet_resnet50,cell_00012.png,29,173,11,13,0.5370370370370371,3.2037037037037037,0.46296296296296297,0.24074074074074073,0,54,198,144
maunet_resnet50,cell_00013.tiff,10,30,0,6,0.5882352941176471,1.7647058823529411,0.0,0.35294117647058826,0,17,37,20
maunet_resnet50,cell_00014.tiff,7,23,0,2,0.7777777777777778,2.5555555555555554,0.0,0.2222222222222222,0,9,25,16
maunet_resnet50,cell_00015.png,0,3,0,0,0.0,0.1875,0.0,0.0,0,16,19,3
maunet_resnet50,cell_00016.tiff,7,25,0,5,0.875,3.125,0.0,0.625,0,8,26,18
maunet_resnet50,cell_00017.png,0,7,0,0,0.0,0.3181818181818182,0.0,0.0,0,22,29,7
maunet_resnet50,cell_00018.tiff,9,40,0,7,0.5625,2.5,0.0,0.4375,0,16,47,31
maunet_resnet50,cell_00019.tiff,7,13,0,2,0.7777777777777778,1.4444444444444444,0.0,0.2222222222222222,0,9,15,6
maunet_resnet50,cell_00020.tiff,8,52,0,5,0.8,5.2,0.0,0.5,0,10,54,44
maunet_resnet50,cell_00021.tiff,10,31,0,9,0.6666666666666666,2.066666666666667,0.0,0.6,0,15,36,21
maunet_resnet50,cell_00022.tiff,11,25,0,8,0.6470588235294118,1.4705882352941178,0.0,0.47058823529411764,0,17,31,14
maunet_resnet50,cell_00023.tiff,12,56,0,9,0.631578947368421,2.9473684210526314,0.0,0.47368421052631576,0,19,63,44
maunet_resnet50,cell_00024.tiff,6,26,0,4,0.5,2.1666666666666665,0.0,0.3333333333333333,0,12,32,20
maunet_resnet50,cell_00025.png,15,114,3,2,0.42857142857142855,3.257142857142857,0.22857142857142856,0.05714285714285714,0,35,134,99
maunet_resnet50,cell_00026.png,2,16,0,2,0.06060606060606061,0.48484848484848486,0.0,0.06060606060606061,0,33,47,14
maunet_resnet50,cell_00027.tiff,22,142,1,4,0.4782608695652174,3.0869565217391304,0.043478260869565216,0.08695652173913043,0,46,166,120
maunet_resnet50,cell_00028.tiff,84,318,0,16,0.7433628318584071,2.814159292035398,0.0,0.1415929203539823,0,113,347,234
maunet_resnet50,cell_00029.tiff,52,355,0,11,0.6419753086419753,4.382716049382716,0.0,0.13580246913580246,0,81,384,303
maunet_resnet50,cell_00030.tiff,23,120,2,2,0.2948717948717949,1.5384615384615385,0.05128205128205128,0.02564102564102564,0,78,175,97
maunet_resnet50,cell_00031.tiff,76,164,0,15,0.4550898203592814,0.9820359281437125,0.0,0.08982035928143713,0,167,255,88
maunet_resnet50,cell_00032.tiff,57,156,0,14,0.3931034482758621,1.0758620689655172,0.0,0.09655172413793103,0,145,244,99
maunet_resnet50,cell_00033.tiff,44,158,1,12,0.37606837606837606,1.3504273504273505,0.017094017094017096,0.10256410256410256,0,117,231,114
maunet_resnet50,cell_00034.tiff,35,112,0,5,0.2734375,0.875,0.0,0.0390625,0,128,205,77
maunet_resnet50,cell_00035.tiff,27,108,0,4,0.3176470588235294,1.2705882352941176,0.0,0.047058823529411764,0,85,166,81
maunet_resnet50,cell_00036.tiff,52,247,1,16,0.7222222222222222,3.4305555555555554,0.027777777777777776,0.2222222222222222,0,72,267,195
maunet_resnet50,cell_00037.tiff,64,258,5,20,0.7710843373493976,3.108433734939759,0.12048192771084337,0.24096385542168675,0,83,277,194
maunet_resnet50,cell_00038.tiff,62,327,3,22,0.6888888888888889,3.6333333333333333,0.06666666666666667,0.24444444444444444,0,90,355,265
maunet_resnet50,cell_00039.tiff,90,494,1,20,0.656934306569343,3.605839416058394,0.014598540145985401,0.145985401459854,0,137,541,404
maunet_resnet50,cell_00040.png,0,12,0,0,0.0,0.5454545454545454,0.0,0.0,0,22,34,12
maunet_resnet50,cell_00041.png,0,5,0,0,0.0,0.45454545454545453,0.0,0.0,0,11,16,5
maunet_resnet50,cell_00042.png,0,4,0,0,0.0,0.36363636363636365,0.0,0.0,0,11,15,4
maunet_resnet50,cell_00043.png,93,426,6,38,0.2818181818181818,1.290909090909091,0.03636363636363636,0.11515151515151516,0,330,663,333
maunet_resnet50,cell_00044.png,124,989,1,30,0.6458333333333334,5.151041666666667,0.010416666666666666,0.15625,0,192,1057,865
maunet_resnet50,cell_00045.png,93,614,5,51,0.30293159609120524,2.0,0.03257328990228013,0.16612377850162866,0,307,828,521
maunet_resnet50,cell_00046.png,205,480,16,66,0.44565217391304346,1.0434782608695652,0.0891304347826087,0.14347826086956522,0,460,735,275
maunet_resnet50,cell_00047.png,182,692,1,90,0.5634674922600619,2.1424148606811144,0.006191950464396285,0.2786377708978328,0,323,833,510
maunet_resnet50,cell_00048.png,184,987,2,127,0.4791666666666667,2.5703125,0.010416666666666666,0.3307291666666667,0,384,1187,803
maunet_resnet50,cell_00049.png,118,351,0,76,0.31382978723404253,0.9335106382978723,0.0,0.20212765957446807,0,376,609,233
maunet_resnet50,cell_00050.png,103,930,1,34,0.5953757225433526,5.375722543352601,0.011560693641618497,0.19653179190751446,0,173,1000,827
maunet_resnet50,cell_00051.png,81,383,4,47,0.21148825065274152,1.0,0.020887728459530026,0.1227154046997389,0,383,685,302
maunet_resnet50,cell_00052.png,167,527,5,92,0.4489247311827957,1.4166666666666667,0.026881720430107527,0.24731182795698925,0,372,732,360
maunet_resnet50,cell_00053.png,131,768,3,75,0.44107744107744107,2.585858585858586,0.020202020202020204,0.25252525252525254,0,297,934,637
maunet_resnet50,cell_00054.png,138,859,3,38,0.38016528925619836,2.366391184573003,0.01652892561983471,0.1046831955922865,0,363,1084,721
maunet_resnet50,cell_00055.png,89,1052,0,15,0.6793893129770993,8.030534351145038,0.0,0.11450381679389313,0,131,1094,963
maunet_resnet50,cell_00056.png,149,1396,1,58,0.7487437185929648,7.015075376884422,0.010050251256281407,0.2914572864321608,0,199,1446,1247
maunet_resnet50,cell_00057.png,81,774,0,45,0.3632286995515695,3.4708520179372195,0.0,0.20179372197309417,0,223,916,693
maunet_resnet50,cell_00058.png,102,869,1,51,0.5074626865671642,4.323383084577115,0.009950248756218905,0.2537313432835821,0,201,968,767
maunet_resnet50,cell_00059.png,201,1000,2,103,0.475177304964539,2.3640661938534278,0.009456264775413711,0.24349881796690306,0,423,1222,799
maunet_resnet50,cell_00060.png,90,1037,0,23,0.7086614173228346,8.165354330708661,0.0,0.18110236220472442,0,127,1074,947
maunet_resnet50,cell_00061.png,161,988,2,34,0.4339622641509434,2.6630727762803232,0.01078167115902965,0.09164420485175202,0,371,1198,827
maunet_resnet50,cell_00062.png,56,1295,1,3,0.7671232876712328,17.73972602739726,0.0273972602739726,0.0410958904109589,0,73,1312,1239
maunet_resnet50,cell_00063.png,94,363,0,55,0.25753424657534246,0.9945205479452055,0.0,0.1506849315068493,0,365,634,269
maunet_resnet50,cell_00064.png,145,822,1,52,0.5870445344129555,3.327935222672065,0.008097165991902834,0.21052631578947367,0,247,924,677
maunet_resnet50,cell_00065.png,214,1086,0,132,0.49195402298850577,2.496551724137931,0.0,0.30344827586206896,0,435,1307,872
maunet_resnet50,cell_00066.png,95,370,2,48,0.26170798898071623,1.019283746556474,0.011019283746556474,0.1322314049586777,0,363,638,275
maunet_resnet50,cell_00067.png,102,775,0,56,0.45739910313901344,3.475336322869955,0.0,0.25112107623318386,0,223,896,673
maunet_resnet50,cell_00068.png,161,482,0,90,0.45098039215686275,1.350140056022409,0.0,0.25210084033613445,0,357,678,321
maunet_resnet50,cell_00069.png,189,590,12,60,0.4305239179954442,1.3439635535307517,0.06378132118451026,0.1366742596810934,0,439,840,401
maunet_resnet50,cell_00070.png,0,2,0,0,0.0,0.125,0.0,0.0,0,16,18,2
maunet_resnet50,cell_00071.tif,4,142,0,2,1.0,35.5,0.0,0.5,0,4,142,138
maunet_resnet50,cell_00072.tif,5,160,0,3,0.7142857142857143,22.857142857142858,0.0,0.42857142857142855,0,7,162,155
maunet_resnet50,cell_00073.tif,2,167,0,1,1.0,83.5,0.0,0.5,0,2,167,165
maunet_resnet50,cell_00074.tif,263,332,0,0,0.9704797047970479,1.2250922509225093,0.0,0.0,0,271,340,69
maunet_resnet50,cell_00075.tif,63,96,1,3,0.4405594405594406,0.6713286713286714,0.013986013986013986,0.02097902097902098,0,143,176,33
maunet_resnet50,cell_00076.tif,4,6,0,0,0.2222222222222222,0.3333333333333333,0.0,0.0,0,18,20,2
maunet_resnet50,cell_00077.tif,32,769,1,12,0.8888888888888888,21.36111111111111,0.05555555555555555,0.3333333333333333,0,36,773,737
maunet_resnet50,cell_00078.tif,181,306,1,42,0.9731182795698925,1.6451612903225807,0.010752688172043012,0.22580645161290322,0,186,311,125
maunet_resnet50,cell_00079.tif,30,40,0,0,0.6,0.8,0.0,0.0,0,50,60,10
maunet_resnet50,cell_00080.tif,22,33,0,1,0.6285714285714286,0.9428571428571428,0.0,0.02857142857142857,0,35,46,11
maunet_resnet50,cell_00081.tif,34,50,0,1,0.4657534246575342,0.684931506849315,0.0,0.0136986301369863,0,73,89,16
maunet_resnet50,cell_00082.tif,28,53,0,3,0.5490196078431373,1.0392156862745099,0.0,0.058823529411764705,0,51,76,25
maunet_resnet50,cell_00083.tif,29,37,0,1,0.5576923076923077,0.7115384615384616,0.0,0.019230769230769232,0,52,60,8
maunet_resnet50,cell_00084.tif,5,5,0,0,0.11904761904761904,0.11904761904761904,0.0,0.0,0,42,42,0
maunet_resnet50,cell_00085.tif,8,10,0,1,0.17777777777777778,0.2222222222222222,0.0,0.022222222222222223,0,45,47,2
maunet_resnet50,cell_00086.tif,7,5,0,0,0.16279069767441862,0.11627906976744186,0.0,0.0,0,43,41,-2
maunet_resnet50,cell_00087.tif,7,9,0,0,0.16666666666666666,0.21428571428571427,0.0,0.0,0,42,44,2
maunet_resnet50,cell_00088.tif,14,13,0,0,0.7777777777777778,0.7222222222222222,0.0,0.0,0,18,17,-1
maunet_resnet50,cell_00089.tif,13,17,0,2,0.2653061224489796,0.3469387755102041,0.0,0.04081632653061224,0,49,53,4
maunet_resnet50,cell_00090.tif,13,9,0,0,0.325,0.225,0.0,0.0,0,40,36,-4
maunet_resnet50,cell_00091.tif,11,11,0,0,0.2972972972972973,0.2972972972972973,0.0,0.0,0,37,37,0
maunet_resnet50,cell_00092.tif,12,28,0,1,0.6666666666666666,1.5555555555555556,0.0,0.05555555555555555,0,18,34,16
maunet_resnet50,cell_00093.tif,10,11,0,1,0.625,0.6875,0.0,0.0625,0,16,17,1
maunet_resnet50,cell_00094.tif,2,1,0,0,0.14285714285714285,0.07142857142857142,0.0,0.0,0,14,13,-1
maunet_resnet50,cell_00095.tif,7,8,0,0,0.7,0.8,0.0,0.0,0,10,11,1
maunet_resnet50,cell_00096.tif,10,24,0,2,0.2222222222222222,0.5333333333333333,0.0,0.044444444444444446,0,45,59,14
maunet_resnet50,cell_00097.tif,12,9,0,1,0.36363636363636365,0.2727272727272727,0.0,0.030303030303030304,0,33,30,-3
maunet_resnet50,cell_00098.tif,5,6,0,0,0.19230769230769232,0.23076923076923078,0.0,0.0,0,26,27,1
maunet_resnet50,cell_00099.tif,167,1370,0,7,0.7076271186440678,5.805084745762712,0.0,0.029661016949152543,0,236,1439,1203
maunet_resnet50,cell_00100.tif,459,576,2,71,0.9329268292682927,1.170731707317073,0.008130081300813009,0.1443089430894309,0,492,609,117
maunet_resnet50,cell_00101.tif,295,4077,0,3,0.30225409836065575,4.177254098360656,0.0,0.0030737704918032786,0,976,4758,3782
maunet_wide,cell_00001.tiff,3,14,0,3,0.5,2.3333333333333335,0.0,0.5,0,6,17,11
maunet_wide,cell_00002.png,3,14,1,4,0.08333333333333333,0.3888888888888889,0.05555555555555555,0.1111111111111111,0,36,47,11
maunet_wide,cell_00003.tiff,10,45,0,4,0.5882352941176471,2.6470588235294117,0.0,0.23529411764705882,0,17,52,35
maunet_wide,cell_00004.png,0,3,0,0,0.0,0.2,0.0,0.0,0,15,18,3
maunet_wide,cell_00005.png,0,0,0,0,0.0,0.0,0.0,0.0,0,27,27,0
maunet_wide,cell_00006.png,4,37,3,2,0.18181818181818182,1.6818181818181819,0.2727272727272727,0.09090909090909091,0,22,55,33
maunet_wide,cell_00007.tiff,8,75,0,7,0.6666666666666666,6.25,0.0,0.5833333333333334,0,12,79,67
maunet_wide,cell_00008.tiff,10,21,0,3,0.7692307692307693,1.6153846153846154,0.0,0.23076923076923078,0,13,24,11
maunet_wide,cell_00009.png,5,23,0,1,0.01858736059479554,0.08550185873605948,0.0,0.0037174721189591076,0,269,287,18
maunet_wide,cell_00010.png,20,178,8,10,0.2597402597402597,2.311688311688312,0.2597402597402597,0.12987012987012986,0,77,235,158
maunet_wide,cell_00011.png,0,1,0,0,0.0,0.06666666666666667,0.0,0.0,0,15,16,1
maunet_wide,cell_00012.png,25,274,9,10,0.46296296296296297,5.074074074074074,0.3888888888888889,0.18518518518518517,0,54,303,249
maunet_wide,cell_00013.tiff,10,40,0,5,0.5882352941176471,2.3529411764705883,0.0,0.29411764705882354,0,17,47,30
maunet_wide,cell_00014.tiff,6,38,0,2,0.6666666666666666,4.222222222222222,0.0,0.2222222222222222,0,9,41,32
maunet_wide,cell_00015.png,0,1,0,0,0.0,0.0625,0.0,0.0,0,16,17,1
maunet_wide,cell_00016.tiff,7,25,0,4,0.875,3.125,0.0,0.5,0,8,26,18
maunet_wide,cell_00017.png,1,5,0,0,0.045454545454545456,0.22727272727272727,0.0,0.0,0,22,26,4
maunet_wide,cell_00018.tiff,7,52,0,7,0.4375,3.25,0.0,0.4375,0,16,61,45
maunet_wide,cell_00019.tiff,5,14,0,3,0.5555555555555556,1.5555555555555556,0.0,0.3333333333333333,0,9,18,9
maunet_wide,cell_00020.tiff,7,50,0,5,0.7,5.0,0.0,0.5,0,10,53,43
maunet_wide,cell_00021.tiff,12,44,0,9,0.8,2.933333333333333,0.0,0.6,0,15,47,32
maunet_wide,cell_00022.tiff,9,37,0,7,0.5294117647058824,2.176470588235294,0.0,0.4117647058823529,0,17,45,28
maunet_wide,cell_00023.tiff,7,57,0,9,0.3684210526315789,3.0,0.0,0.47368421052631576,0,19,69,50
maunet_wide,cell_00024.tiff,5,43,0,5,0.4166666666666667,3.5833333333333335,0.0,0.4166666666666667,0,12,50,38
maunet_wide,cell_00025.png,12,106,5,4,0.34285714285714286,3.0285714285714285,0.2857142857142857,0.11428571428571428,0,35,129,94
maunet_wide,cell_00026.png,2,22,0,2,0.06060606060606061,0.6666666666666666,0.0,0.06060606060606061,0,33,53,20
maunet_wide,cell_00027.tiff,22,146,1,4,0.4782608695652174,3.1739130434782608,0.043478260869565216,0.08695652173913043,0,46,170,124
maunet_wide,cell_00028.tiff,78,307,1,17,0.6902654867256637,2.7168141592920354,0.017699115044247787,0.1504424778761062,0,113,342,229
maunet_wide,cell_00029.tiff,49,336,0,9,0.6049382716049383,4.148148148148148,0.0,0.1111111111111111,0,81,368,287
maunet_wide,cell_00030.tiff,22,120,2,1,0.28205128205128205,1.5384615384615385,0.05128205128205128,0.01282051282051282,0,78,176,98
maunet_wide,cell_00031.tiff,67,185,0,15,0.40119760479041916,1.1077844311377245,0.0,0.08982035928143713,0,167,285,118
maunet_wide,cell_00032.tiff,49,158,0,12,0.33793103448275863,1.089655172413793,0.0,0.08275862068965517,0,145,254,109
maunet_wide,cell_00033.tiff,35,137,2,8,0.29914529914529914,1.170940170940171,0.03418803418803419,0.06837606837606838,0,117,219,102
maunet_wide,cell_00034.tiff,35,103,1,2,0.2734375,0.8046875,0.015625,0.015625,0,128,196,68
maunet_wide,cell_00035.tiff,30,114,0,3,0.35294117647058826,1.3411764705882352,0.0,0.03529411764705882,0,85,169,84
maunet_wide,cell_00036.tiff,46,231,3,14,0.6388888888888888,3.2083333333333335,0.08333333333333333,0.19444444444444445,0,72,257,185
maunet_wide,cell_00037.tiff,64,286,3,16,0.7710843373493976,3.4457831325301207,0.07228915662650602,0.1927710843373494,0,83,305,222
maunet_wide,cell_00038.tiff,57,389,2,17,0.6333333333333333,4.322222222222222,0.044444444444444446,0.18888888888888888,0,90,422,332
maunet_wide,cell_00039.tiff,87,433,3,17,0.635036496350365,3.1605839416058394,0.043795620437956206,0.12408759124087591,0,137,483,346
maunet_wide,cell_00040.png,0,24,0,0,0.0,1.0909090909090908,0.0,0.0,0,22,46,24
maunet_wide,cell_00041.png,0,6,0,0,0.0,0.5454545454545454,0.0,0.0,0,11,17,6
maunet_wide,cell_00042.png,0,4,0,0,0.0,0.36363636363636365,0.0,0.0,0,11,15,4
maunet_wide,cell_00043.png,91,420,9,39,0.27575757575757576,1.2727272727272727,0.05454545454545454,0.11818181818181818,0,330,659,329
maunet_wide,cell_00044.png,106,1064,0,37,0.5520833333333334,5.541666666666667,0.0,0.19270833333333334,0,192,1150,958
maunet_wide,cell_00045.png,79,590,1,56,0.25732899022801303,1.9218241042345277,0.006514657980456026,0.18241042345276873,0,307,818,511
maunet_wide,cell_00046.png,130,502,6,70,0.2826086956521739,1.0913043478260869,0.02608695652173913,0.15217391304347827,0,460,832,372
maunet_wide,cell_00047.png,154,730,1,93,0.47678018575851394,2.260061919504644,0.006191950464396285,0.28792569659442724,0,323,899,576
maunet_wide,cell_00048.png,173,1075,0,132,0.4505208333333333,2.7994791666666665,0.0,0.34375,0,384,1286,902
maunet_wide,cell_00049.png,135,434,0,76,0.35904255319148937,1.1542553191489362,0.0,0.20212765957446807,0,376,675,299
maunet_wide,cell_00050.png,81,982,0,32,0.4682080924855491,5.676300578034682,0.0,0.18497109826589594,0,173,1074,901
maunet_wide,cell_00051.png,69,350,2,48,0.1801566579634465,0.9138381201044387,0.010443864229765013,0.12532637075718014,0,383,664,281
maunet_wide,cell_00052.png,156,533,0,97,0.41935483870967744,1.4327956989247312,0.0,0.260752688172043,0,372,749,377
maunet_wide,cell_00053.png,116,731,0,74,0.39057239057239057,2.461279461279461,0.0,0.24915824915824916,0,297,912,615
maunet_wide,cell_00054.png,109,852,0,39,0.3002754820936639,2.347107438016529,0.0,0.10743801652892562,0,363,1106,743
maunet_wide,cell_00055.png,66,1065,0,19,0.5038167938931297,8.129770992366412,0.0,0.1450381679389313,0,131,1130,999
maunet_wide,cell_00056.png,145,1422,0,60,0.7286432160804021,7.1457286432160805,0.0,0.3015075376884422,0,199,1476,1277
maunet_wide,cell_00057.png,69,770,1,47,0.3094170403587444,3.4529147982062782,0.008968609865470852,0.21076233183856502,0,223,924,701
maunet_wide,cell_00058.png,86,873,0,50,0.42786069651741293,4.343283582089552,0.0,0.24875621890547264,0,201,988,787
maunet_wide,cell_00059.png,181,1036,1,115,0.42789598108747046,2.4491725768321513,0.004728132387706856,0.2718676122931442,0,423,1278,855
maunet_wide,cell_00060.png,78,1089,0,26,0.6141732283464567,8.5748031496063,0.0,0.2047244094488189,0,127,1138,1011
maunet_wide,cell_00061.png,116,951,0,35,0.31266846361185985,2.5633423180592994,0.0,0.09433962264150944,0,371,1206,835
maunet_wide,cell_00062.png,54,1374,2,3,0.7397260273972602,18.82191780821918,0.0684931506849315,0.0410958904109589,0,73,1393,1320
maunet_wide,cell_00063.png,72,337,3,58,0.19726027397260273,0.9232876712328767,0.019178082191780823,0.1589041095890411,0,365,630,265
maunet_wide,cell_00064.png,115,833,0,54,0.46558704453441296,3.3724696356275303,0.0,0.21862348178137653,0,247,965,718
maunet_wide,cell_00065.png,183,1132,0,139,0.4206896551724138,2.6022988505747127,0.0,0.3195402298850575,0,435,1384,949
maunet_wide,cell_00066.png,88,390,7,52,0.24242424242424243,1.0743801652892562,0.0440771349862259,0.14325068870523416,0,363,665,302
maunet_wide,cell_00067.png,81,705,0,57,0.3632286995515695,3.1614349775784754,0.0,0.2556053811659193,0,223,847,624
maunet_wide,cell_00068.png,140,453,0,91,0.39215686274509803,1.26890756302521,0.0,0.2549019607843137,0,357,670,313
maunet_wide,cell_00069.png,150,547,5,65,0.3416856492027335,1.246013667425968,0.025056947608200455,0.1480637813211845,0,439,836,397
maunet_wide,cell_00070.png,0,7,0,0,0.0,0.4375,0.0,0.0,0,16,23,7
maunet_wide,cell_00071.tif,3,102,0,2,0.75,25.5,0.0,0.5,0,4,103,99
maunet_wide,cell_00072.tif,7,146,0,1,1.0,20.857142857142858,0.0,0.14285714285714285,0,7,146,139
maunet_wide,cell_00073.tif,2,185,0,1,1.0,92.5,0.0,0.5,0,2,185,183
maunet_wide,cell_00074.tif,262,1061,0,1,0.966789667896679,3.915129151291513,0.0,0.0036900369003690036,0,271,1070,799
maunet_wide,cell_00075.tif,44,120,0,1,0.3076923076923077,0.8391608391608392,0.0,0.006993006993006993,0,143,219,76
maunet_wide,cell_00076.tif,2,10,0,0,0.1111111111111111,0.5555555555555556,0.0,0.0,0,18,26,8
maunet_wide,cell_00077.tif,33,863,3,12,0.9166666666666666,23.97222222222222,0.19444444444444445,0.3333333333333333,0,36,866,830
maunet_wide,cell_00078.tif,185,454,4,43,0.9946236559139785,2.4408602150537635,0.053763440860215055,0.23118279569892472,0,186,455,269
maunet_wide,cell_00079.tif,25,58,0,0,0.5,1.16,0.0,0.0,0,50,83,33
maunet_wide,cell_00080.tif,14,33,0,1,0.4,0.9428571428571428,0.0,0.02857142857142857,0,35,54,19
maunet_wide,cell_00081.tif,30,85,0,1,0.410958904109589,1.1643835616438356,0.0,0.0136986301369863,0,73,128,55
maunet_wide,cell_00082.tif,21,62,0,4,0.4117647058823529,1.2156862745098038,0.0,0.0784313725490196,0,51,92,41
maunet_wide,cell_00083.tif,24,60,0,4,0.46153846153846156,1.1538461538461537,0.0,0.07692307692307693,0,52,88,36
maunet_wide,cell_00084.tif,7,6,0,0,0.16666666666666666,0.14285714285714285,0.0,0.0,0,42,41,-1
maunet_wide,cell_00085.tif,12,27,0,3,0.26666666666666666,0.6,0.0,0.06666666666666667,0,45,60,15
maunet_wide,cell_00086.tif,10,15,0,3,0.23255813953488372,0.3488372093023256,0.0,0.06976744186046512,0,43,48,5
maunet_wide,cell_00087.tif,5,8,0,0,0.11904761904761904,0.19047619047619047,0.0,0.0,0,42,45,3
maunet_wide,cell_00088.tif,12,24,0,1,0.6666666666666666,1.3333333333333333,0.0,0.05555555555555555,0,18,30,12
maunet_wide,cell_00089.tif,16,14,0,1,0.32653061224489793,0.2857142857142857,0.0,0.02040816326530612,0,49,47,-2
maunet_wide,cell_00090.tif,10,6,0,0,0.25,0.15,0.0,0.0,0,40,36,-4
maunet_wide,cell_00091.tif,14,16,0,1,0.3783783783783784,0.43243243243243246,0.0,0.02702702702702703,0,37,39,2
maunet_wide,cell_00092.tif,11,29,0,1,0.6111111111111112,1.6111111111111112,0.0,0.05555555555555555,0,18,36,18
maunet_wide,cell_00093.tif,9,18,0,0,0.5625,1.125,0.0,0.0,0,16,25,9
maunet_wide,cell_00094.tif,2,2,0,1,0.14285714285714285,0.14285714285714285,0.0,0.07142857142857142,0,14,14,0
maunet_wide,cell_00095.tif,7,10,0,2,0.7,1.0,0.0,0.2,0,10,13,3
maunet_wide,cell_00096.tif,12,15,0,1,0.26666666666666666,0.3333333333333333,0.0,0.022222222222222223,0,45,48,3
maunet_wide,cell_00097.tif,9,17,0,0,0.2727272727272727,0.5151515151515151,0.0,0.0,0,33,41,8
maunet_wide,cell_00098.tif,4,16,0,0,0.15384615384615385,0.6153846153846154,0.0,0.0,0,26,38,12
maunet_wide,cell_00099.tif,216,900,0,1,0.9152542372881356,3.8135593220338984,0.0,0.00423728813559322,0,236,920,684
maunet_wide,cell_00100.tif,483,513,0,54,0.9817073170731707,1.0426829268292683,0.0,0.10975609756097561,0,492,522,30
maunet_wide,cell_00101.tif,287,5445,0,3,0.29405737704918034,5.578893442622951,0.0,0.0030737704918032786,0,976,6134,5158
maunet_ensemble,cell_00001.tiff,3,7,0,3,0.5,1.1666666666666667,0.0,0.5,0,6,10,4
maunet_ensemble,cell_00002.png,3,5,1,3,0.08333333333333333,0.1388888888888889,0.05555555555555555,0.08333333333333333,0,36,38,2
maunet_ensemble,cell_00003.tiff,10,5,0,3,0.5882352941176471,0.29411764705882354,0.0,0.17647058823529413,0,17,12,-5
maunet_ensemble,cell_00004.png,0,0,0,0,0.0,0.0,0.0,0.0,0,15,15,0
maunet_ensemble,cell_00005.png,0,0,0,0,0.0,0.0,0.0,0.0,0,27,27,0
maunet_ensemble,cell_00006.png,3,8,1,2,0.13636363636363635,0.36363636363636365,0.09090909090909091,0.09090909090909091,0,22,27,5
maunet_ensemble,cell_00007.tiff,9,21,0,6,0.75,1.75,0.0,0.5,0,12,24,12
maunet_ensemble,cell_00008.tiff,6,4,0,2,0.46153846153846156,0.3076923076923077,0.0,0.15384615384615385,0,13,11,-2
maunet_ensemble,cell_00009.png,6,16,0,1,0.022304832713754646,0.05947955390334572,0.0,0.0037174721189591076,0,269,279,10
maunet_ensemble,cell_00010.png,18,37,5,17,0.23376623376623376,0.4805194805194805,0.14285714285714285,0.22077922077922077,0,77,96,19
maunet_ensemble,cell_00011.png,0,1,0,0,0.0,0.06666666666666667,0.0,0.0,0,15,16,1
maunet_ensemble,cell_00012.png,27,103,8,11,0.5,1.9074074074074074,0.2962962962962963,0.2037037037037037,0,54,130,76
maunet_ensemble,cell_00013.tiff,4,7,0,2,0.23529411764705882,0.4117647058823529,0.0,0.11764705882352941,0,17,20,3
maunet_ensemble,cell_00014.tiff,3,11,0,2,0.3333333333333333,1.2222222222222223,0.0,0.2222222222222222,0,9,17,8
maunet_ensemble,cell_00015.png,0,1,0,0,0.0,0.0625,0.0,0.0,0,16,17,1
maunet_ensemble,cell_00016.tiff,4,12,0,4,0.5,1.5,0.0,0.5,0,8,16,8
maunet_ensemble,cell_00017.png,0,1,0,0,0.0,0.045454545454545456,0.0,0.0,0,22,23,1
maunet_ensemble,cell_00018.tiff,7,19,0,7,0.4375,1.1875,0.0,0.4375,0,16,28,12
maunet_ensemble,cell_00019.tiff,2,4,0,3,0.2222222222222222,0.4444444444444444,0.0,0.3333333333333333,0,9,11,2
maunet_ensemble,cell_00020.tiff,5,18,0,5,0.5,1.8,0.0,0.5,0,10,23,13
maunet_ensemble,cell_00021.tiff,9,20,0,7,0.6,1.3333333333333333,0.0,0.4666666666666667,0,15,26,11
maunet_ensemble,cell_00022.tiff,4,9,0,6,0.23529411764705882,0.5294117647058824,0.0,0.35294117647058826,0,17,22,5
maunet_ensemble,cell_00023.tiff,7,23,0,6,0.3684210526315789,1.2105263157894737,0.0,0.3157894736842105,0,19,35,16
maunet_ensemble,cell_00024.tiff,4,6,0,2,0.3333333333333333,0.5,0.0,0.16666666666666666,0,12,14,2
maunet_ensemble,cell_00025.png,15,30,5,3,0.42857142857142855,0.8571428571428571,0.3142857142857143,0.08571428571428572,0,35,50,15
maunet_ensemble,cell_00026.png,3,4,0,2,0.09090909090909091,0.12121212121212122,0.0,0.06060606060606061,0,33,34,1
maunet_ensemble,cell_00027.tiff,27,121,1,4,0.5869565217391305,2.630434782608696,0.043478260869565216,0.08695652173913043,0,46,140,94
maunet_ensemble,cell_00028.tiff,87,235,0,16,0.7699115044247787,2.079646017699115,0.0,0.1415929203539823,0,113,261,148
maunet_ensemble,cell_00029.tiff,61,271,0,9,0.7530864197530864,3.345679012345679,0.0,0.1111111111111111,0,81,291,210
maunet_ensemble,cell_00030.tiff,25,110,2,2,0.32051282051282054,1.4102564102564104,0.05128205128205128,0.02564102564102564,0,78,163,85
maunet_ensemble,cell_00031.tiff,82,146,0,15,0.49101796407185627,0.874251497005988,0.0,0.08982035928143713,0,167,231,64
maunet_ensemble,cell_00032.tiff,57,126,0,11,0.3931034482758621,0.8689655172413793,0.0,0.07586206896551724,0,145,214,69
maunet_ensemble,cell_00033.tiff,47,124,1,8,0.4017094017094017,1.0598290598290598,0.017094017094017096,0.06837606837606838,0,117,194,77
maunet_ensemble,cell_00034.tiff,39,96,1,1,0.3046875,0.75,0.015625,0.0078125,0,128,185,57
maunet_ensemble,cell_00035.tiff,33,91,0,1,0.38823529411764707,1.0705882352941176,0.0,0.011764705882352941,0,85,143,58
maunet_ensemble,cell_00036.tiff,56,179,2,13,0.7777777777777778,2.486111111111111,0.05555555555555555,0.18055555555555555,0,72,195,123
maunet_ensemble,cell_00037.tiff,66,209,4,18,0.7951807228915663,2.5180722891566263,0.0963855421686747,0.21686746987951808,0,83,226,143
maunet_ensemble,cell_00038.tiff,60,221,1,18,0.6666666666666666,2.4555555555555557,0.022222222222222223,0.2,0,90,251,161
maunet_ensemble,cell_00039.tiff,100,439,2,20,0.7299270072992701,3.204379562043796,0.029197080291970802,0.145985401459854,0,137,476,339
maunet_ensemble,cell_00040.png,0,6,0,0,0.0,0.2727272727272727,0.0,0.0,0,22,28,6
maunet_ensemble,cell_00041.png,0,1,0,0,0.0,0.09090909090909091,0.0,0.0,0,11,12,1
maunet_ensemble,cell_00042.png,0,1,0,0,0.0,0.09090909090909091,0.0,0.0,0,11,12,1
maunet_ensemble,cell_00043.png,81,267,13,33,0.24545454545454545,0.8090909090909091,0.09393939393939393,0.1,0,330,516,186
maunet_ensemble,cell_00044.png,142,776,2,21,0.7395833333333334,4.041666666666667,0.020833333333333332,0.109375,0,192,826,634
maunet_ensemble,cell_00045.png,90,526,6,48,0.2931596091205212,1.713355048859935,0.03908794788273615,0.1563517915309446,0,307,743,436
maunet_ensemble,cell_00046.png,140,317,18,51,0.30434782608695654,0.6891304347826087,0.09347826086956522,0.1108695652173913,0,460,637,177
maunet_ensemble,cell_00047.png,190,614,5,84,0.5882352941176471,1.9009287925696594,0.034055727554179564,0.26006191950464397,0,323,747,424
maunet_ensemble,cell_00048.png,218,944,2,123,0.5677083333333334,2.4583333333333335,0.010416666666666666,0.3203125,0,384,1110,726
maunet_ensemble,cell_00049.png,155,352,0,71,0.4122340425531915,0.9361702127659575,0.0,0.18882978723404256,0,376,573,197
maunet_ensemble,cell_00050.png,107,744,0,31,0.6184971098265896,4.300578034682081,0.0,0.1791907514450867,0,173,810,637
maunet_ensemble,cell_00051.png,72,314,0,43,0.18798955613577023,0.8198433420365535,0.0,0.1122715404699739,0,383,625,242
maunet_ensemble,cell_00052.png,170,427,2,84,0.45698924731182794,1.1478494623655915,0.010752688172043012,0.22580645161290322,0,372,629,257
maunet_ensemble,cell_00053.png,142,598,7,74,0.4781144781144781,2.0134680134680134,0.050505050505050504,0.24915824915824916,0,297,753,456
maunet_ensemble,cell_00054.png,143,700,2,32,0.3939393939393939,1.9283746556473829,0.011019283746556474,0.0881542699724518,0,363,920,557
maunet_ensemble,cell_00055.png,95,862,0,14,0.7251908396946565,6.580152671755725,0.0,0.10687022900763359,0,131,898,767
maunet_ensemble,cell_00056.png,173,1026,0,50,0.8693467336683417,5.155778894472362,0.0,0.25125628140703515,0,199,1052,853
maunet_ensemble,cell_00057.png,84,659,0,40,0.37668161434977576,2.9551569506726456,0.0,0.17937219730941703,0,223,798,575
maunet_ensemble,cell_00058.png,112,804,2,49,0.5572139303482587,4.0,0.01990049751243781,0.24378109452736318,0,201,893,692
maunet_ensemble,cell_00059.png,220,961,1,96,0.5200945626477541,2.271867612293144,0.004728132387706856,0.22695035460992907,0,423,1164,741
maunet_ensemble,cell_00060.png,98,933,0,21,0.7716535433070866,7.346456692913386,0.0,0.16535433070866143,0,127,962,835
maunet_ensemble,cell_00061.png,165,729,3,32,0.444743935309973,1.9649595687331536,0.018867924528301886,0.0862533692722372,0,371,935,564
maunet_ensemble,cell_00062.png,63,636,0,3,0.863013698630137,8.712328767123287,0.0,0.0410958904109589,0,73,646,573
maunet_ensemble,cell_00063.png,89,306,3,52,0.24383561643835616,0.8383561643835616,0.019178082191780823,0.14246575342465753,0,365,582,217
maunet_ensemble,cell_00064.png,159,783,0,52,0.6437246963562753,3.1700404858299596,0.0,0.21052631578947367,0,247,871,624
maunet_ensemble,cell_00065.png,236,1073,0,125,0.542528735632184,2.466666666666667,0.0,0.28735632183908044,0,435,1272,837
maunet_ensemble,cell_00066.png,88,288,5,44,0.24242424242424243,0.7933884297520661,0.03305785123966942,0.12121212121212122,0,363,563,200
maunet_ensemble,cell_00067.png,102,488,9,48,0.45739910313901344,2.188340807174888,0.09417040358744394,0.21524663677130046,0,223,609,386
maunet_ensemble,cell_00068.png,175,438,2,83,0.49019607843137253,1.226890756302521,0.011204481792717087,0.23249299719887956,0,357,620,263
maunet_ensemble,cell_00069.png,213,276,6,42,0.48519362186788156,0.6287015945330297,0.02733485193621868,0.09567198177676538,0,439,502,63
maunet_ensemble,cell_00070.png,0,0,0,0,0.0,0.0,0.0,0.0,0,16,16,0
maunet_ensemble,cell_00071.tif,4,121,0,2,1.0,30.25,0.0,0.5,0,4,121,117
maunet_ensemble,cell_00072.tif,6,93,0,1,0.8571428571428571,13.285714285714286,0.0,0.14285714285714285,0,7,94,87
maunet_ensemble,cell_00073.tif,2,45,0,1,1.0,22.5,0.0,0.5,0,2,45,43
maunet_ensemble,cell_00074.tif,271,0,0,0,1.0,0.0,0.0,0.0,0,271,0,-271
maunet_ensemble,cell_00075.tif,65,51,0,0,0.45454545454545453,0.35664335664335667,0.0,0.0,0,143,129,-14
maunet_ensemble,cell_00076.tif,3,2,0,0,0.16666666666666666,0.1111111111111111,0.0,0.0,0,18,17,-1
maunet_ensemble,cell_00077.tif,34,704,1,12,0.9444444444444444,19.555555555555557,0.05555555555555555,0.3333333333333333,0,36,706,670
maunet_ensemble,cell_00078.tif,184,456,0,31,0.989247311827957,2.4516129032258065,0.0,0.16666666666666666,0,186,458,272
maunet_ensemble,cell_00079.tif,30,42,0,0,0.6,0.84,0.0,0.0,0,50,62,12
maunet_ensemble,cell_00080.tif,20,25,0,1,0.5714285714285714,0.7142857142857143,0.0,0.02857142857142857,0,35,40,5
maunet_ensemble,cell_00081.tif,37,41,0,1,0.5068493150684932,0.5616438356164384,0.0,0.0136986301369863,0,73,77,4
maunet_ensemble,cell_00082.tif,26,31,0,3,0.5098039215686274,0.6078431372549019,0.0,0.058823529411764705,0,51,56,5
maunet_ensemble,cell_00083.tif,30,35,0,1,0.5769230769230769,0.6730769230769231,0.0,0.019230769230769232,0,52,57,5
maunet_ensemble,cell_00084.tif,7,3,0,0,0.16666666666666666,0.07142857142857142,0.0,0.0,0,42,38,-4
maunet_ensemble,cell_00085.tif,10,5,0,1,0.2222222222222222,0.1111111111111111,0.0,0.022222222222222223,0,45,40,-5
maunet_ensemble,cell_00086.tif,9,4,0,1,0.20930232558139536,0.09302325581395349,0.0,0.023255813953488372,0,43,38,-5
maunet_ensemble,cell_00087.tif,8,4,0,0,0.19047619047619047,0.09523809523809523,0.0,0.0,0,42,38,-4
maunet_ensemble,cell_00088.tif,12,9,0,0,0.6666666666666666,0.5,0.0,0.0,0,18,15,-3
maunet_ensemble,cell_00089.tif,16,8,0,0,0.32653061224489793,0.16326530612244897,0.0,0.0,0,49,41,-8
maunet_ensemble,cell_00090.tif,12,4,0,0,0.3,0.1,0.0,0.0,0,40,32,-8
maunet_ensemble,cell_00091.tif,12,5,0,0,0.32432432432432434,0.13513513513513514,0.0,0.0,0,37,30,-7
maunet_ensemble,cell_00092.tif,12,19,0,1,0.6666666666666666,1.0555555555555556,0.0,0.05555555555555555,0,18,25,7
maunet_ensemble,cell_00093.tif,10,5,0,0,0.625,0.3125,0.0,0.0,0,16,11,-5
maunet_ensemble,cell_00094.tif,2,0,0,0,0.14285714285714285,0.0,0.0,0.0,0,14,12,-2
maunet_ensemble,cell_00095.tif,7,5,0,0,0.7,0.5,0.0,0.0,0,10,8,-2
maunet_ensemble,cell_00096.tif,12,11,0,2,0.26666666666666666,0.24444444444444444,0.0,0.044444444444444446,0,45,44,-1
maunet_ensemble,cell_00097.tif,13,7,0,0,0.3939393939393939,0.21212121212121213,0.0,0.0,0,33,27,-6
maunet_ensemble,cell_00098.tif,6,2,0,0,0.23076923076923078,0.07692307692307693,0.0,0.0,0,26,22,-4
maunet_ensemble,cell_00099.tif,215,438,0,0,0.9110169491525424,1.8559322033898304,0.0,0.0,0,236,459,223
maunet_ensemble,cell_00100.tif,491,8,0,2,0.9979674796747967,0.016260162601626018,0.0,0.0040650406504065045,0,492,9,-483
maunet_ensemble,cell_00101.tif,353,4829,0,3,0.36168032786885246,4.947745901639344,0.0,0.0030737704918032786,0,976,5452,4476
